,Abertura,Alvo
0,3.6700000762939453,3.7899999618530273
1,3.7300000190734863,4.110000133514404
2,4.25,4.710000038146973
3,5.25,5.260000228881836
4,5.269999980926514,5.21999979019165
5,5.25,5.070000171661377
6,5.320000171661377,5.130000114440918
7,5.090000152587891,5.349999904632568
8,5.389999866485596,5.53000020980835
9,5.380000114440918,5.21999979019165
10,4.809999942779541,4.789999961853027
11,4.679999828338623,5.130000114440918
12,5.630000114440918,5.630000114440918
13,5.679999828338623,5.570000171661377
14,5.599999904632568,5.639999866485596
15,5.510000228881836,5.769999980926514
16,5.550000190734863,5.360000133514404
17,5.139999866485596,5.400000095367432
18,5.590000152587891,5.789999961853027
19,5.599999904632568,5.829999923706055
20,5.980000019073486,5.860000133514404
21,5.929999828338623,5.840000152587891
22,5.639999866485596,5.869999885559082
23,5.619999885559082,5.300000190734863
24,5.289999961853027,5.320000171661377
25,5.309999942779541,5.320000171661377
26,5.289999961853027,5.320000171661377
27,5.659999847412109,5.75
28,5.96999979019165,5.889999866485596
29,6.0,6.429999828338623
30,6.679999828338623,6.730000019073486
31,6.760000228881836,6.599999904632568
32,6.53000020980835,6.71999979019165
33,6.309999942779541,6.5
34,6.619999885559082,6.96999979019165
35,6.820000171661377,6.960000038146973
36,7.059999942779541,6.840000152587891
37,6.849999904632568,7.199999809265137
38,7.239999771118164,6.929999828338623
39,7.110000133514404,7.21999979019165
40,7.329999923706055,7.579999923706055
41,7.619999885559082,7.699999809265137
42,7.900000095367432,7.710000038146973
43,7.550000190734863,7.579999923706055
44,7.340000152587891,7.170000076293945
45,7.300000190734863,7.320000171661377
46,7.579999923706055,7.070000171661377
47,6.960000038146973,7.329999923706055
48,7.190000057220459,6.829999923706055
49,7.039999961853027,7.349999904632568
50,7.5,7.420000076293945
51,7.440000057220459,7.349999904632568
52,7.230000019073486,6.880000114440918
53,7.079999923706055,7.150000095367432
54,7.110000133514404,7.090000152587891
55,6.909999847412109,6.75
56,6.489999771118164,6.420000076293945
57,6.659999847412109,6.449999809265137
58,6.179999828338623,6.150000095367432
59,6.409999847412109,6.179999828338623
60,6.329999923706055,6.190000057220459
61,6.300000190734863,6.059999942779541
62,6.019999980926514,5.840000152587891
63,5.909999847412109,5.630000114440918
64,5.570000171661377,5.809999942779541
65,5.679999828338623,5.920000076293945
66,6.039999961853027,6.090000152587891
67,6.179999828338623,6.21999979019165
68,6.159999847412109,6.440000057220459
69,6.800000190734863,7.150000095367432
70,7.019999980926514,6.889999866485596
71,6.659999847412109,6.46999979019165
72,6.260000228881836,6.199999809265137
73,6.239999771118164,6.019999980926514
74,6.039999961853027,6.170000076293945
75,6.010000228881836,6.21999979019165
76,6.429999828338623,6.619999885559082
77,6.909999847412109,6.900000095367432
78,6.900000095367432,7.010000228881836
79,7.119999885559082,6.920000076293945
80,7.150000095367432,7.210000038146973
81,6.619999885559082,6.739999771118164
82,6.78000020980835,6.320000171661377
83,6.690000057220459,6.78000020980835
84,6.980000019073486,7.179999828338623
85,7.119999885559082,7.159999847412109
86,7.139999866485596,7.46999979019165
87,7.059999942779541,6.880000114440918
88,6.739999771118164,7.0
89,7.239999771118164,7.119999885559082
90,7.53000020980835,7.46999979019165
91,7.610000133514404,7.769999980926514
92,8.029999732971191,8.079999923706055
93,7.880000114440918,7.920000076293945
94,8.220000267028809,8.210000038146973
95,8.140000343322754,8.130000114440918
96,8.079999923706055,8.390000343322754
97,8.399999618530273,8.470000267028809
98,8.369999885559082,8.380000114440918
99,8.40999984741211,8.369999885559082
100,8.399999618530273,8.460000038146973
101,8.510000228881836,8.289999961853027
102,8.300000190734863,8.40999984741211
103,8.449999809265137,8.329999923706055
104,8.180000305175781,8.0600004196167
105,8.399999618530273,8.680000305175781
106,8.550000190734863,8.079999923706055
107,8.260000228881836,7.909999847412109
108,7.920000076293945,8.289999961853027
109,8.319999694824219,8.40999984741211
110,8.5,8.359999656677246
111,8.4399995803833,8.649999618530273
112,8.729999542236328,8.699999809265137
113,8.729999542236328,8.430000305175781
114,8.470000267028809,8.670000076293945
115,8.75,8.729999542236328
116,8.899999618530273,9.079999923706055
117,9.079999923706055,9.170000076293945
118,9.020000457763672,9.300000190734863
119,9.40999984741211,9.4399995803833
120,9.329999923706055,9.430000305175781
121,9.15999984741211,9.050000190734863
122,9.130000114440918,9.260000228881836
123,9.149999618530273,9.050000190734863
124,9.140000343322754,9.1899995803833
125,9.289999961853027,9.109999656677246
126,9.149999618530273,9.369999885559082
127,9.460000038146973,9.390000343322754
128,9.430000305175781,9.140000343322754
129,9.15999984741211,9.220000267028809
130,9.460000038146973,9.579999923706055
131,9.699999809265137,9.9399995803833
132,9.960000038146973,9.880000114440918
133,10.029999732971191,10.180000305175781
134,9.859999656677246,9.510000228881836
135,9.380000114440918,9.8100004196167
136,9.579999923706055,8.920000076293945
137,8.949999809265137,8.949999809265137
138,9.069999694824219,9.270000457763672
139,9.100000381469727,9.100000381469727
140,9.220000267028809,9.100000381469727
141,9.430000305175781,9.220000267028809
142,9.329999923706055,9.510000228881836
143,9.699999809265137,9.5600004196167
144,9.510000228881836,9.180000305175781
145,9.130000114440918,9.010000228881836
146,8.949999809265137,9.0600004196167
147,9.130000114440918,9.5
148,9.470000267028809,9.270000457763672
149,9.350000381469727,9.329999923706055
150,9.449999809265137,9.699999809265137
151,9.6899995803833,9.59000015258789
152,9.789999961853027,9.930000305175781
153,10.020000457763672,10.40999984741211
154,10.569999694824219,10.529999732971191
155,10.75,10.869999885559082
156,10.84000015258789,10.6899995803833
157,10.59000015258789,10.65999984741211
158,10.550000190734863,11.0
159,11.180000305175781,11.140000343322754
160,11.199999809265137,11.40999984741211
161,11.729999542236328,11.770000457763672
162,11.890000343322754,11.880000114440918
163,11.710000038146973,12.010000228881836
164,11.90999984741211,12.170000076293945
165,12.510000228881836,12.40999984741211
166,12.25,12.180000305175781
167,12.010000228881836,12.15999984741211
168,12.40999984741211,12.079999923706055
169,12.0600004196167,11.869999885559082
170,11.930000305175781,11.670000076293945
171,11.609999656677246,11.09000015258789
172,10.890000343322754,10.729999542236328
173,10.989999771118164,10.609999656677246
174,10.619999885559082,10.630000114440918
175,11.109999656677246,11.399999618530273
176,11.149999618530273,11.430000305175781
177,10.899999618530273,11.319999694824219
178,10.75,10.34000015258789
179,9.949999809265137,9.729999542236328
180,9.430000305175781,9.569999694824219
181,10.079999923706055,9.989999771118164
182,9.899999618530273,9.829999923706055
183,10.0,9.600000381469727
184,9.699999809265137,9.649999618530273
185,10.100000381469727,10.270000457763672
186,10.399999618530273,10.479999542236328
187,10.25,10.460000038146973
188,10.260000228881836,10.199999809265137
189,10.359999656677246,10.25
190,9.970000267028809,9.850000381469727
191,10.569999694824219,10.869999885559082
192,10.880000114440918,10.529999732971191
193,10.489999771118164,10.680000305175781
194,10.760000228881836,10.449999809265137
195,10.4399995803833,10.770000457763672
196,10.850000381469727,10.8100004196167
197,10.800000190734863,10.869999885559082
198,10.930000305175781,10.84000015258789
199,11.029999732971191,10.930000305175781
200,11.0600004196167,10.9399995803833
201,10.8100004196167,10.399999618530273
202,10.1899995803833,10.260000228881836
203,10.289999961853027,10.210000038146973
204,10.1899995803833,9.880000114440918
205,10.0,9.90999984741211
206,10.050000190734863,9.930000305175781
207,9.930000305175781,9.880000114440918
208,10.020000457763672,10.109999656677246
209,10.15999984741211,10.149999618530273
210,10.149999618530273,10.329999923706055
211,10.270000457763672,10.329999923706055
212,10.34000015258789,10.109999656677246
213,10.59000015258789,10.829999923706055
214,10.869999885559082,10.800000190734863
215,10.960000038146973,11.100000381469727
216,11.0,10.869999885559082
217,10.84000015258789,10.829999923706055
218,11.020000457763672,11.020000457763672
219,10.90999984741211,11.539999961853027
220,11.640000343322754,11.489999771118164
221,11.25,11.319999694824219
222,11.34000015258789,11.270000457763672
223,11.140000343322754,11.170000076293945
224,11.270000457763672,11.140000343322754
225,11.329999923706055,11.199999809265137
226,11.180000305175781,11.329999923706055
227,11.489999771118164,11.100000381469727
228,11.119999885559082,10.970000267028809
229,11.0600004196167,10.90999984741211
230,10.899999618530273,10.789999961853027
231,10.710000038146973,10.390000343322754
232,10.470000267028809,10.260000228881836
233,10.479999542236328,10.229999542236328
234,10.420000076293945,10.149999618530273
235,10.239999771118164,10.329999923706055
236,10.430000305175781,10.1899995803833
237,10.1899995803833,10.079999923706055
238,9.949999809265137,10.239999771118164
239,10.239999771118164,10.140000343322754
240,10.359999656677246,10.420000076293945
241,10.5600004196167,10.569999694824219
242,10.75,10.90999984741211
243,10.880000114440918,10.960000038146973
244,11.09000015258789,10.890000343322754
245,10.800000190734863,10.770000457763672
246,11.170000076293945,11.039999961853027
247,10.899999618530273,10.760000228881836
248,11.020000457763672,10.710000038146973
249,10.430000305175781,10.220000267028809
250,10.220000267028809,10.220000267028809
251,10.210000038146973,10.079999923706055
252,10.25,10.579999923706055
253,10.380000114440918,9.970000267028809
254,10.069999694824219,10.210000038146973
255,10.260000228881836,10.119999885559082
256,10.270000457763672,10.119999885559082
257,9.949999809265137,9.359999656677246
258,9.319999694824219,9.260000228881836
259,9.460000038146973,9.380000114440918
260,9.359999656677246,9.430000305175781
261,9.15999984741211,9.039999961853027
262,9.149999618530273,9.369999885559082
263,9.449999809265137,9.1899995803833
264,9.239999771118164,8.90999984741211
265,8.819999694824219,9.170000076293945
266,9.109999656677246,8.8100004196167
267,8.949999809265137,9.109999656677246
268,8.989999771118164,9.050000190734863
269,9.109999656677246,9.0600004196167
270,8.779999732971191,9.15999984741211
271,9.229999542236328,9.3100004196167
272,9.350000381469727,9.65999984741211
273,9.65999984741211,9.579999923706055
274,9.5,9.6899995803833
275,9.8100004196167,9.75
276,9.729999542236328,9.949999809265137
277,10.0600004196167,9.789999961853027
278,9.770000457763672,9.670000076293945
279,9.800000190734863,9.760000228881836
280,9.829999923706055,9.890000343322754
281,9.899999618530273,9.729999542236328
282,9.75,9.65999984741211
283,9.670000076293945,9.260000228881836
284,9.289999961853027,9.4399995803833
285,9.359999656677246,9.260000228881836
286,9.3100004196167,8.90999984741211
287,9.020000457763672,9.0
288,8.979999542236328,9.010000228881836
289,9.199999809265137,9.210000038146973
290,8.979999542236328,9.270000457763672
291,9.069999694824219,9.109999656677246
292,9.069999694824219,8.869999885559082
293,8.880000114440918,9.010000228881836
294,9.010000228881836,9.020000457763672
295,9.109999656677246,9.079999923706055
296,9.079999923706055,9.170000076293945
297,8.859999656677246,8.850000381469727
298,8.90999984741211,9.319999694824219
299,9.3100004196167,9.229999542236328
300,9.239999771118164,9.359999656677246
301,9.579999923706055,9.710000038146973
302,9.8100004196167,9.699999809265137
303,10.09000015258789,10.239999771118164
304,10.5,10.40999984741211
305,10.460000038146973,10.449999809265137
306,10.350000381469727,10.289999961853027
307,8.470000267028809,8.550000190734863
308,9.029999732971191,8.960000038146973
309,8.720000267028809,8.710000038146973
310,8.760000228881836,8.829999923706055
311,8.949999809265137,9.079999923706055
312,9.069999694824219,8.890000343322754
313,8.739999771118164,8.949999809265137
314,8.850000381469727,8.699999809265137
315,8.670000076293945,8.479999542236328
316,8.619999885559082,8.430000305175781
317,8.4399995803833,8.479999542236328
318,8.380000114440918,8.510000228881836
319,8.550000190734863,8.569999694824219
320,8.59000015258789,8.420000076293945
321,8.359999656677246,8.40999984741211
322,8.460000038146973,8.40999984741211
323,8.420000076293945,8.359999656677246
324,8.34000015258789,8.420000076293945
325,8.460000038146973,8.289999961853027
326,8.210000038146973,8.149999618530273
327,8.140000343322754,8.079999923706055
328,8.069999694824219,8.119999885559082
329,7.989999771118164,7.860000133514404
330,7.869999885559082,7.699999809265137
331,7.760000228881836,7.800000190734863
332,7.769999980926514,7.75
333,7.889999866485596,7.929999828338623
334,7.900000095367432,7.829999923706055
335,7.909999847412109,7.869999885559082
336,7.920000076293945,7.869999885559082
337,7.940000057220459,7.989999771118164
338,8.0,8.039999961853027
339,8.0600004196167,7.949999809265137
340,7.989999771118164,7.849999904632568
341,7.849999904632568,7.739999771118164
342,7.71999979019165,7.800000190734863
343,7.78000020980835,8.039999961853027
344,8.3100004196167,8.4399995803833
345,8.489999771118164,8.449999809265137
346,8.539999961853027,8.539999961853027
347,8.550000190734863,8.460000038146973
348,8.520000457763672,8.579999923706055
349,8.65999984741211,8.739999771118164
350,8.850000381469727,8.6899995803833
351,8.65999984741211,8.479999542236328
352,8.520000457763672,8.550000190734863
353,8.710000038146973,8.6899995803833
354,8.680000305175781,8.630000114440918
355,8.6899995803833,8.6899995803833
356,8.670000076293945,8.680000305175781
357,8.75,8.8100004196167
358,8.789999961853027,8.739999771118164
359,8.720000267028809,9.010000228881836
360,9.039999961853027,8.869999885559082
361,8.880000114440918,8.859999656677246
362,8.859999656677246,8.9399995803833
363,8.930000305175781,8.899999618530273
364,8.829999923706055,8.850000381469727
365,8.890000343322754,8.619999885559082
366,8.449999809265137,8.479999542236328
367,8.470000267028809,8.470000267028809
368,8.510000228881836,8.59000015258789
369,8.670000076293945,8.649999618530273
370,8.569999694824219,8.539999961853027
371,8.680000305175781,8.890000343322754
372,8.899999618530273,8.699999809265137
373,8.960000038146973,8.979999542236328
374,9.0,9.130000114440918
375,9.149999618530273,9.130000114440918
376,9.170000076293945,9.170000076293945
377,9.210000038146973,9.079999923706055
378,8.960000038146973,9.050000190734863
379,9.010000228881836,8.789999961853027
380,8.850000381469727,8.979999542236328
381,9.119999885559082,9.289999961853027
382,9.630000114440918,9.539999961853027
383,9.680000305175781,10.010000228881836
384,10.0,10.119999885559082
385,10.0600004196167,9.800000190734863
386,9.9399995803833,9.979999542236328
387,9.920000076293945,9.890000343322754
388,9.869999885559082,10.0
389,10.0600004196167,10.079999923706055
390,9.970000267028809,10.079999923706055
391,10.039999961853027,10.0600004196167
392,10.0600004196167,10.020000457763672
393,10.100000381469727,10.420000076293945
394,10.40999984741211,10.279999732971191
395,10.279999732971191,10.34000015258789
396,10.40999984741211,10.34000015258789
397,10.3100004196167,10.220000267028809
398,10.180000305175781,10.0
399,10.0,10.020000457763672
400,10.149999618530273,10.039999961853027
401,9.90999984741211,10.069999694824219
402,10.199999809265137,10.520000457763672
403,10.5,10.399999618530273
404,10.600000381469727,10.5
405,10.289999961853027,10.319999694824219
406,10.3100004196167,10.289999961853027
407,10.520000457763672,10.470000267028809
408,10.539999961853027,10.489999771118164
409,10.399999618530273,10.399999618530273
410,10.550000190734863,10.489999771118164
411,10.600000381469727,10.479999542236328
412,10.470000267028809,10.489999771118164
413,10.510000228881836,10.449999809265137
414,10.300000190734863,10.390000343322754
415,10.420000076293945,10.350000381469727
416,10.329999923706055,10.210000038146973
417,10.239999771118164,10.380000114440918
418,10.479999542236328,10.510000228881836
419,10.489999771118164,10.390000343322754
420,10.430000305175781,10.729999542236328
421,10.619999885559082,10.600000381469727
422,10.600000381469727,10.649999618530273
423,10.770000457763672,10.829999923706055
424,10.739999771118164,10.800000190734863
425,10.779999732971191,10.6899995803833
426,10.789999961853027,11.170000076293945
427,11.050000190734863,10.609999656677246
428,10.779999732971191,10.90999984741211
429,10.800000190734863,10.84000015258789
430,10.729999542236328,10.710000038146973
431,10.569999694824219,10.619999885559082
432,10.380000114440918,9.680000305175781
433,9.520000457763672,9.829999923706055
434,10.0,9.970000267028809
435,10.050000190734863,10.140000343322754
436,10.039999961853027,10.170000076293945
437,10.260000228881836,10.029999732971191
438,10.119999885559082,10.260000228881836
439,10.34000015258789,10.319999694824219
440,10.180000305175781,10.119999885559082
441,10.140000343322754,10.15999984741211
442,10.029999732971191,9.8100004196167
443,9.779999732971191,9.720000267028809
444,9.890000343322754,9.859999656677246
445,9.880000114440918,9.9399995803833
446,10.069999694824219,9.850000381469727
447,9.899999618530273,9.930000305175781
448,9.520000457763672,9.649999618530273
449,9.880000114440918,9.699999809265137
450,9.729999542236328,9.739999771118164
451,9.579999923706055,9.9399995803833
452,9.930000305175781,9.630000114440918
453,9.489999771118164,9.479999542236328
454,9.640000343322754,9.430000305175781
455,9.630000114440918,9.609999656677246
456,9.5600004196167,9.619999885559082
457,9.670000076293945,9.75
458,9.800000190734863,10.119999885559082
459,10.100000381469727,9.989999771118164
460,10.069999694824219,10.15999984741211
461,10.220000267028809,10.100000381469727
462,10.229999542236328,10.220000267028809
463,10.239999771118164,10.289999961853027
464,10.460000038146973,10.699999809265137
465,10.800000190734863,10.970000267028809
466,11.0,11.0
467,10.989999771118164,11.079999923706055
468,11.0600004196167,11.220000267028809
469,11.199999809265137,11.140000343322754
470,11.140000343322754,11.050000190734863
471,11.100000381469727,11.380000114440918
472,11.300000190734863,11.470000267028809
473,11.649999618530273,11.699999809265137
474,11.819999694824219,12.119999885559082
475,12.1899995803833,12.130000114440918
476,12.069999694824219,12.15999984741211
477,12.050000190734863,12.25
478,11.970000267028809,12.050000190734863
479,12.600000381469727,13.09000015258789
480,13.239999771118164,13.260000228881836
481,13.15999984741211,13.829999923706055
482,13.699999809265137,13.630000114440918
483,13.520000457763672,13.300000190734863
484,13.65999984741211,13.359999656677246
485,13.699999809265137,13.949999809265137
486,13.729999542236328,13.319999694824219
487,13.149999618530273,12.699999809265137
488,12.579999923706055,13.329999923706055
489,13.350000381469727,12.760000228881836
490,12.960000038146973,12.210000038146973
491,12.479999542236328,12.34000015258789
492,12.539999961853027,12.460000038146973
493,12.380000114440918,12.470000267028809
494,12.329999923706055,12.680000305175781
495,12.779999732971191,12.819999694824219
496,12.739999771118164,12.75
497,12.970000267028809,13.289999961853027
498,13.4399995803833,13.15999984741211
499,13.460000038146973,13.529999732971191
500,13.739999771118164,13.9399995803833
501,14.260000228881836,14.390000343322754
502,14.5,14.210000038146973
503,14.390000343322754,14.039999961853027
504,14.140000343322754,13.979999542236328
505,13.720000267028809,14.199999809265137
506,14.180000305175781,14.619999885559082
507,14.859999656677246,14.65999984741211
508,14.520000457763672,14.329999923706055
509,14.390000343322754,14.270000457763672
510,14.489999771118164,14.710000038146973
511,14.729999542236328,14.670000076293945
512,14.720000267028809,14.4399995803833
513,14.539999961853027,14.479999542236328
514,14.270000457763672,14.069999694824219
515,14.0600004196167,14.100000381469727
516,13.970000267028809,13.729999542236328
517,13.829999923706055,13.75
518,13.84000015258789,14.479999542236328
519,14.220000267028809,14.1899995803833
520,14.3100004196167,14.3100004196167
521,14.59000015258789,14.470000267028809
522,14.449999809265137,13.960000038146973
523,13.880000114440918,13.760000228881836
524,13.869999885559082,14.140000343322754
525,14.0,13.720000267028809
526,13.829999923706055,13.670000076293945
527,13.270000457763672,13.630000114440918
528,14.119999885559082,13.979999542236328
529,13.869999885559082,13.920000076293945
530,13.949999809265137,13.380000114440918
531,13.5600004196167,14.010000228881836
532,14.079999923706055,14.329999923706055
533,14.4399995803833,14.270000457763672
534,14.239999771118164,13.859999656677246
535,13.850000381469727,13.420000076293945
536,13.510000228881836,13.6899995803833
537,14.0,14.239999771118164
538,14.350000381469727,14.380000114440918
539,14.180000305175781,14.300000190734863
540,14.029999732971191,14.09000015258789
541,14.149999618530273,13.960000038146973
542,13.619999885559082,13.5
543,13.600000381469727,14.050000190734863
544,14.180000305175781,14.140000343322754
545,14.119999885559082,14.09000015258789
546,14.050000190734863,13.770000457763672
547,13.680000305175781,13.819999694824219
548,13.8100004196167,13.729999542236328
549,13.680000305175781,13.6899995803833
550,13.630000114440918,13.989999771118164
551,14.0600004196167,13.869999885559082
552,14.020000457763672,15.130000114440918
553,15.520000457763672,16.209999084472656
554,16.31999969482422,16.190000534057617
555,16.389999389648438,16.649999618530273
556,16.389999389648438,16.850000381469727
557,16.940000534057617,17.139999389648438
558,16.8799991607666,16.479999542236328
559,16.18000030517578,16.18000030517578
560,16.559999465942383,15.899999618530273
561,15.569999694824219,15.699999809265137
562,15.40999984741211,15.109999656677246
563,13.130000114440918,12.779999732971191
564,12.850000381469727,12.609999656677246
565,11.039999961853027,11.920000076293945
566,11.720000267028809,11.920000076293945
567,11.890000343322754,11.859999656677246
568,12.119999885559082,10.130000114440918
569,10.739999771118164,10.699999809265137
570,10.539999961853027,10.25
571,10.069999694824219,10.039999961853027
572,9.84000015258789,9.65999984741211
573,10.079999923706055,9.779999732971191
574,9.960000038146973,9.880000114440918
575,10.0,9.779999732971191
576,9.819999694824219,9.670000076293945
577,9.770000457763672,9.520000457763672
578,9.460000038146973,9.4399995803833
579,9.319999694824219,9.270000457763672
580,9.069999694824219,9.520000457763672
581,9.930000305175781,9.84000015258789
582,9.789999961853027,9.40999984741211
583,9.550000190734863,9.430000305175781
584,9.600000381469727,9.59000015258789
585,9.789999961853027,9.739999771118164
586,9.75,9.779999732971191
587,9.989999771118164,9.84000015258789
588,9.90999984741211,10.029999732971191
589,9.899999618530273,10.069999694824219
590,10.220000267028809,10.220000267028809
591,10.569999694824219,10.260000228881836
592,10.15999984741211,10.420000076293945
593,10.430000305175781,10.6899995803833
594,10.739999771118164,10.670000076293945
595,10.600000381469727,10.350000381469727
596,10.510000228881836,10.630000114440918
597,10.65999984741211,10.6899995803833
598,10.529999732971191,10.609999656677246
599,10.5600004196167,10.960000038146973
600,10.970000267028809,10.729999542236328
601,10.619999885559082,10.770000457763672
602,11.3100004196167,11.34000015258789
603,11.34000015258789,11.380000114440918
604,11.569999694824219,11.680000305175781
605,11.84000015258789,11.949999809265137
606,11.829999923706055,11.59000015258789
607,11.720000267028809,11.90999984741211
608,12.029999732971191,11.859999656677246
609,11.6899995803833,11.729999542236328
610,11.65999984741211,11.720000267028809
611,11.789999961853027,11.920000076293945
612,12.470000267028809,12.529999732971191
613,12.5600004196167,12.5
614,12.699999809265137,12.380000114440918
615,12.380000114440918,12.119999885559082
616,12.09000015258789,11.960000038146973
617,11.579999923706055,11.539999961853027
618,11.319999694824219,11.5
619,11.710000038146973,11.550000190734863
620,11.289999961853027,11.0600004196167
621,11.130000114440918,10.930000305175781
622,10.75,10.710000038146973
623,10.630000114440918,10.640000343322754
624,10.510000228881836,10.260000228881836
625,10.210000038146973,10.489999771118164
626,10.5,10.220000267028809
627,10.479999542236328,10.3100004196167
628,10.399999618530273,10.5
629,10.520000457763672,10.350000381469727
630,10.479999542236328,10.75
631,10.800000190734863,10.5
632,10.699999809265137,10.869999885559082
633,10.430000305175781,10.399999618530273
634,10.279999732971191,10.5600004196167
635,10.640000343322754,10.630000114440918
636,10.819999694824219,11.039999961853027
637,10.890000343322754,10.880000114440918
638,10.460000038146973,10.4399995803833
639,10.649999618530273,10.739999771118164
640,10.630000114440918,10.4399995803833
641,10.5600004196167,10.59000015258789
642,10.619999885559082,10.920000076293945
643,10.979999542236328,11.220000267028809
644,11.210000038146973,11.25
645,11.449999809265137,11.359999656677246
646,11.420000076293945,11.5
647,11.579999923706055,11.390000343322754
648,11.119999885559082,11.430000305175781
649,11.529999732971191,11.649999618530273
650,11.800000190734863,12.229999542236328
651,12.079999923706055,12.069999694824219
652,12.119999885559082,12.079999923706055
653,12.800000190734863,13.15999984741211
654,14.300000190734863,13.550000190734863
655,13.449999809265137,13.6899995803833
656,13.84000015258789,13.90999984741211
657,15.609999656677246,15.380000114440918
658,15.470000267028809,16.079999923706055
659,15.550000190734863,15.100000381469727
660,15.329999923706055,14.859999656677246
661,15.180000305175781,15.350000381469727
662,15.369999885559082,15.40999984741211
663,15.8100004196167,15.979999542236328
664,15.720000267028809,16.059999465942383
665,15.899999618530273,15.329999923706055
666,15.569999694824219,15.489999771118164
667,15.850000381469727,16.040000915527344
668,15.600000381469727,15.729999542236328
669,15.869999885559082,15.109999656677246
670,15.399999618530273,15.569999694824219
671,15.670000076293945,16.239999771118164
672,16.68000030517578,15.5600004196167
673,15.720000267028809,16.40999984741211
674,16.440000534057617,16.25
675,16.479999542236328,16.149999618530273
676,16.1200008392334,16.1299991607666
677,16.280000686645508,16.420000076293945
678,16.030000686645508,15.869999885559082
679,15.880000114440918,15.550000190734863
680,15.479999542236328,14.9399995803833
681,14.949999809265137,14.9399995803833
682,15.1899995803833,14.720000267028809
683,14.1899995803833,13.899999618530273
684,14.300000190734863,14.239999771118164
685,14.270000457763672,14.5600004196167
686,14.729999542236328,14.859999656677246
687,14.9399995803833,14.850000381469727
688,14.489999771118164,13.979999542236328
689,14.329999923706055,14.369999885559082
690,13.819999694824219,13.869999885559082
691,13.979999542236328,13.720000267028809
692,13.930000305175781,14.34000015258789
693,14.510000228881836,14.390000343322754
694,14.289999961853027,14.329999923706055
695,14.369999885559082,14.5600004196167
696,15.149999618530273,15.039999961853027
697,15.079999923706055,14.670000076293945
698,14.039999961853027,14.140000343322754
699,14.470000267028809,14.239999771118164
700,13.619999885559082,13.529999732971191
701,13.819999694824219,13.4399995803833
702,13.779999732971191,13.609999656677246
703,13.5,13.630000114440918
704,13.390000343322754,13.399999618530273
705,13.390000343322754,13.199999809265137
706,13.210000038146973,12.880000114440918
707,12.649999618530273,12.670000076293945
708,12.569999694824219,12.59000015258789
709,12.5,12.380000114440918
710,12.279999732971191,12.100000381469727
711,12.0,12.720000267028809
712,12.5600004196167,12.800000190734863
713,13.010000228881836,13.029999732971191
714,13.210000038146973,13.010000228881836
715,13.1899995803833,14.010000228881836
716,14.399999618530273,14.260000228881836
717,14.430000305175781,14.760000228881836
718,14.90999984741211,15.0600004196167
719,15.34000015258789,15.199999809265137
720,15.569999694824219,15.619999885559082
721,15.420000076293945,15.479999542236328
722,15.220000267028809,15.289999961853027
723,15.170000076293945,15.329999923706055
724,15.34000015258789,15.239999771118164
725,15.100000381469727,15.300000190734863
726,15.100000381469727,15.420000076293945
727,15.600000381469727,15.399999618530273
728,15.380000114440918,15.180000305175781
729,15.329999923706055,15.479999542236328
730,15.430000305175781,15.520000457763672
731,15.630000114440918,15.819999694824219
732,15.430000305175781,15.09000015258789
733,15.5600004196167,15.569999694824219
734,15.8100004196167,16.0
735,16.239999771118164,16.299999237060547
736,16.18000030517578,16.43000030517578
737,16.170000076293945,16.489999771118164
738,16.399999618530273,16.6299991607666
739,16.229999542236328,16.219999313354492
740,16.229999542236328,15.880000114440918
741,15.829999923706055,15.6899995803833
742,15.5,15.319999694824219
743,15.890000343322754,16.040000915527344
744,16.110000610351562,16.260000228881836
745,16.209999084472656,16.719999313354492
746,16.790000915527344,16.75
747,16.6299991607666,16.799999237060547
748,16.700000762939453,16.719999313354492
749,16.6299991607666,16.649999618530273
750,16.700000762939453,16.6299991607666
751,16.549999237060547,16.239999771118164
752,16.3799991607666,16.270000457763672
753,16.350000381469727,16.420000076293945
754,16.389999389648438,15.720000267028809
755,15.680000305175781,15.489999771118164
756,15.630000114440918,15.5600004196167
757,15.479999542236328,15.65999984741211
758,15.5600004196167,15.289999961853027
759,15.3100004196167,15.039999961853027
760,14.869999885559082,14.979999542236328
761,15.369999885559082,15.869999885559082
762,15.930000305175781,15.819999694824219
763,15.75,16.25
764,16.25,16.25
765,16.280000686645508,16.59000015258789
766,16.6200008392334,17.110000610351562
767,17.190000534057617,17.3700008392334
768,17.350000381469727,17.6299991607666
769,17.270000457763672,17.049999237060547
770,16.329999923706055,15.819999694824219
771,15.90999984741211,15.880000114440918
772,16.200000762939453,16.389999389648438
773,15.920000076293945,15.489999771118164
774,15.279999732971191,15.800000190734863
775,16.049999237060547,15.920000076293945
776,16.149999618530273,15.9399995803833
777,15.970000267028809,16.020000457763672
778,16.1299991607666,15.720000267028809
779,15.5600004196167,16.170000076293945
780,16.1299991607666,16.5
781,16.690000534057617,16.989999771118164
782,16.93000030517578,16.8799991607666
783,16.850000381469727,16.989999771118164
784,16.739999771118164,16.469999313354492
785,15.710000038146973,14.9399995803833
786,15.390000343322754,15.020000457763672
787,14.920000076293945,15.369999885559082
788,15.630000114440918,15.300000190734863
789,15.65999984741211,15.619999885559082
790,15.710000038146973,15.6899995803833
791,15.859999656677246,15.800000190734863
792,15.739999771118164,15.34000015258789
793,15.329999923706055,15.470000267028809
794,15.4399995803833,15.380000114440918
795,15.510000228881836,15.369999885559082
796,15.520000457763672,15.229999542236328
797,15.300000190734863,14.930000305175781
798,14.829999923706055,14.90999984741211
799,15.109999656677246,15.010000228881836
800,14.640000343322754,14.859999656677246
801,14.600000381469727,14.710000038146973
802,15.010000228881836,15.260000228881836
803,14.90999984741211,14.779999732971191
804,14.800000190734863,14.8100004196167
805,14.430000305175781,14.350000381469727
806,14.34000015258789,14.359999656677246
807,13.989999771118164,14.15999984741211
808,14.0,13.850000381469727
809,13.609999656677246,13.460000038146973
810,13.470000267028809,13.680000305175781
811,13.680000305175781,14.100000381469727
812,14.149999618530273,14.220000267028809
813,13.869999885559082,13.90999984741211
814,14.170000076293945,14.100000381469727
815,14.260000228881836,14.319999694824219
816,14.279999732971191,14.550000190734863
817,14.5600004196167,14.5
818,14.40999984741211,14.430000305175781
819,14.6899995803833,14.770000457763672
820,14.890000343322754,15.029999732971191
821,15.029999732971191,14.710000038146973
822,14.859999656677246,14.949999809265137
823,15.079999923706055,15.380000114440918
824,15.220000267028809,15.069999694824219
825,15.199999809265137,15.520000457763672
826,15.359999656677246,15.210000038146973
827,15.569999694824219,15.470000267028809
828,15.380000114440918,15.399999618530273
829,15.430000305175781,15.460000038146973
830,15.630000114440918,15.789999961853027
831,15.680000305175781,15.9399995803833
832,16.079999923706055,16.3700008392334
833,16.420000076293945,16.6200008392334
834,16.520000457763672,16.59000015258789
835,16.31999969482422,15.979999542236328
836,15.960000038146973,15.859999656677246
837,15.680000305175781,15.539999961853027
838,15.710000038146973,15.569999694824219
839,15.970000267028809,15.489999771118164
840,15.4399995803833,15.229999542236328
841,15.279999732971191,15.329999923706055
842,15.609999656677246,15.680000305175781
843,15.779999732971191,16.0
844,15.899999618530273,16.049999237060547
845,16.350000381469727,16.280000686645508
846,16.420000076293945,16.690000534057617
847,16.690000534057617,16.829999923706055
848,16.809999465942383,16.489999771118164
849,16.450000762939453,16.190000534057617
850,16.270000457763672,16.15999984741211
851,16.170000076293945,16.1299991607666
852,16.100000381469727,15.989999771118164
853,16.1200008392334,15.989999771118164
854,16.030000686645508,16.06999969482422
855,16.06999969482422,15.859999656677246
856,15.819999694824219,15.479999542236328
857,15.430000305175781,15.069999694824219
858,15.020000457763672,15.229999542236328
859,15.210000038146973,15.130000114440918
860,15.300000190734863,15.050000190734863
861,14.989999771118164,14.720000267028809
862,15.229999542236328,14.949999809265137
863,14.460000038146973,14.180000305175781
864,14.479999542236328,14.319999694824219
865,13.859999656677246,14.1899995803833
866,14.479999542236328,14.630000114440918
867,14.640000343322754,14.510000228881836
868,14.039999961853027,14.0
869,13.699999809265137,14.09000015258789
870,13.630000114440918,13.390000343322754
871,13.300000190734863,13.350000381469727
872,13.399999618530273,13.229999542236328
873,13.380000114440918,13.119999885559082
874,12.979999542236328,13.079999923706055
875,13.380000114440918,13.8100004196167
876,13.880000114440918,13.600000381469727
877,13.359999656677246,12.970000267028809
878,13.029999732971191,12.789999961853027
879,12.9399995803833,12.920000076293945
880,13.029999732971191,13.079999923706055
881,13.260000228881836,13.399999618530273
882,13.630000114440918,13.550000190734863
883,13.300000190734863,13.399999618530273
884,13.890000343322754,13.979999542236328
885,14.270000457763672,14.140000343322754
886,14.220000267028809,14.300000190734863
887,14.4399995803833,14.520000457763672
888,14.489999771118164,14.609999656677246
889,14.75,14.569999694824219
890,14.529999732971191,14.710000038146973
891,14.75,14.539999961853027
892,14.9399995803833,15.079999923706055
893,14.880000114440918,14.9399995803833
894,14.75,14.619999885559082
895,14.8100004196167,14.529999732971191
896,14.479999542236328,14.539999961853027
897,14.4399995803833,14.5600004196167
898,14.579999923706055,14.399999618530273
899,14.15999984741211,14.460000038146973
900,14.569999694824219,14.569999694824219
901,14.510000228881836,14.600000381469727
902,14.539999961853027,14.470000267028809
903,14.479999542236328,14.350000381469727
904,14.210000038146973,14.020000457763672
905,13.949999809265137,14.149999618530273
906,14.229999542236328,14.1899995803833
907,14.079999923706055,13.819999694824219
908,13.84000015258789,13.770000457763672
909,13.989999771118164,14.109999656677246
910,14.079999923706055,14.09000015258789
911,14.279999732971191,14.399999618530273
912,14.199999809265137,14.369999885559082
913,14.390000343322754,14.399999618530273
914,14.279999732971191,14.649999618530273
915,14.729999542236328,14.430000305175781
916,14.59000015258789,14.529999732971191
917,14.479999542236328,14.640000343322754
918,14.789999961853027,15.260000228881836
919,15.289999961853027,15.579999923706055
920,15.6899995803833,15.25
921,15.720000267028809,15.850000381469727
922,15.920000076293945,16.0
923,15.829999923706055,16.040000915527344
924,15.930000305175781,16.239999771118164
925,16.209999084472656,16.239999771118164
926,16.450000762939453,16.440000534057617
927,16.479999542236328,16.389999389648438
928,16.239999771118164,16.360000610351562
929,15.65999984741211,15.949999809265137
930,15.949999809265137,16.329999923706055
931,15.930000305175781,15.819999694824219
932,15.760000228881836,16.0
933,15.779999732971191,15.640000343322754
934,15.40999984741211,15.399999618530273
935,15.460000038146973,15.119999885559082
936,15.180000305175781,15.4399995803833
937,15.270000457763672,15.100000381469727
938,15.069999694824219,14.850000381469727
939,14.899999618530273,14.869999885559082
940,14.899999618530273,15.199999809265137
941,15.399999618530273,15.25
942,15.229999542236328,15.220000267028809
943,14.960000038146973,14.760000228881836
944,14.789999961853027,14.800000190734863
945,14.880000114440918,14.729999542236328
946,14.920000076293945,14.729999542236328
947,14.699999809265137,14.680000305175781
948,14.880000114440918,14.84000015258789
949,15.010000228881836,15.220000267028809
950,15.369999885559082,15.510000228881836
951,15.279999732971191,15.5600004196167
952,15.579999923706055,15.59000015258789
953,15.729999542236328,15.710000038146973
954,15.789999961853027,16.059999465942383
955,15.470000267028809,15.3100004196167
956,15.210000038146973,15.390000343322754
957,15.359999656677246,15.479999542236328
958,15.579999923706055,15.880000114440918
959,15.829999923706055,15.859999656677246
960,15.640000343322754,15.5600004196167
961,15.6899995803833,15.880000114440918
962,15.859999656677246,15.869999885559082
963,16.040000915527344,16.1299991607666
964,16.079999923706055,15.920000076293945
965,16.09000015258789,15.899999618530273
966,15.779999732971191,15.9399995803833
967,16.040000915527344,16.270000457763672
968,16.170000076293945,15.989999771118164
969,15.84000015258789,16.219999313354492
970,16.020000457763672,16.059999465942383
971,15.970000267028809,15.699999809265137
972,15.720000267028809,15.75
973,15.760000228881836,15.640000343322754
974,15.539999961853027,15.479999542236328
975,15.390000343322754,15.369999885559082
976,15.180000305175781,14.869999885559082
977,14.960000038146973,14.890000343322754
978,15.010000228881836,15.15999984741211
979,15.100000381469727,14.770000457763672
980,14.8100004196167,14.770000457763672
981,14.630000114440918,14.90999984741211
982,14.949999809265137,14.770000457763672
983,14.170000076293945,14.210000038146973
984,14.4399995803833,14.5
985,14.649999618530273,14.369999885559082
986,14.010000228881836,14.489999771118164
987,14.199999809265137,14.109999656677246
988,14.239999771118164,14.199999809265137
989,14.420000076293945,14.369999885559082
990,14.680000305175781,14.430000305175781
991,14.829999923706055,14.630000114440918
992,14.739999771118164,14.579999923706055
993,14.449999809265137,14.399999618530273
994,14.729999542236328,14.819999694824219
995,14.8100004196167,14.920000076293945
996,14.90999984741211,14.630000114440918
997,14.829999923706055,14.640000343322754
998,14.319999694824219,14.5600004196167
999,14.770000457763672,14.890000343322754
1000,14.770000457763672,14.399999618530273
1001,14.170000076293945,14.029999732971191
1002,13.140000343322754,13.079999923706055
1003,13.199999809265137,12.819999694824219
1004,12.84000015258789,12.550000190734863
1005,12.0,12.079999923706055
1006,11.5600004196167,12.100000381469727
1007,12.199999809265137,12.489999771118164
1008,12.510000228881836,12.15999984741211
1009,12.449999809265137,12.329999923706055
1010,12.010000228881836,11.739999771118164
1011,10.699999809265137,10.520000457763672
1012,7.550000190734863,7.260000228881836
1013,8.5,8.010000228881836
1014,7.519999980926514,6.849999904632568
1015,5.75,5.449999809265137
1016,6.690000057220459,6.579999923706055
1017,5.400000095367432,5.25
1018,5.409999847412109,5.400000095367432
1019,4.559999942779541,4.309999942779541
1020,4.400000095367432,5.059999942779541
1021,5.340000152587891,4.849999904632568
1022,4.610000133514404,4.460000038146973
1023,5.059999942779541,5.429999828338623
1024,5.420000076293945,5.800000190734863
1025,5.96999979019165,5.809999942779541
1026,5.349999904632568,5.190000057220459
1027,5.150000095367432,5.21999979019165
1028,5.320000171661377,5.5
1029,5.179999828338623,5.409999847412109
1030,5.809999942779541,5.809999942779541
1031,6.090000152587891,5.760000228881836
1032,5.949999809265137,6.139999866485596
1033,6.659999847412109,6.320000171661377
1034,6.400000095367432,6.809999942779541
1035,7.090000152587891,6.71999979019165
1036,6.679999828338623,6.710000038146973
1037,6.760000228881836,6.679999828338623
1038,6.289999961853027,6.320000171661377
1039,6.400000095367432,6.139999866485596
1040,6.269999980926514,6.449999809265137
1041,6.03000020980835,6.269999980926514
1042,6.0,6.050000190734863
1043,6.190000057220459,6.340000152587891
1044,6.480000019073486,6.309999942779541
1045,6.050000190734863,5.659999847412109
1046,5.829999923706055,6.0
1047,6.269999980926514,6.559999942779541
1048,6.760000228881836,7.139999866485596
1049,7.0,6.909999847412109
1050,6.75,6.570000171661377
1051,6.449999809265137,6.539999961853027
1052,6.809999942779541,6.730000019073486
1053,6.590000152587891,6.329999923706055
1054,6.28000020980835,6.329999923706055
1055,6.5,6.860000133514404
1056,6.739999771118164,6.559999942779541
1057,6.760000228881836,6.460000038146973
1058,6.46999979019165,6.119999885559082
1059,5.929999828338623,6.039999961853027
1060,6.25,6.099999904632568
1061,6.650000095367432,6.840000152587891
1062,6.860000133514404,6.71999979019165
1063,6.940000057220459,6.989999771118164
1064,7.230000019073486,7.179999828338623
1065,6.949999809265137,7.059999942779541
1066,7.760000228881836,7.610000133514404
1067,7.829999923706055,7.840000152587891
1068,7.809999942779541,7.619999885559082
1069,7.550000190734863,7.630000114440918
1070,7.699999809265137,7.809999942779541
1071,8.020000457763672,8.380000114440918
1072,8.770000457763672,8.770000457763672
1073,8.59000015258789,8.720000267028809
1074,9.34000015258789,9.289999961853027
1075,9.34000015258789,9.720000267028809
1076,9.239999771118164,9.289999961853027
1077,9.359999656677246,8.890000343322754
1078,8.199999809265137,8.09000015258789
1079,8.5,8.479999542236328
1080,7.809999942779541,8.380000114440918
1081,8.800000190734863,8.539999961853027
1082,8.529999732971191,8.510000228881836
1083,8.279999732971191,8.430000305175781
1084,8.649999618530273,8.40999984741211
1085,8.520000457763672,8.329999923706055
1086,8.550000190734863,8.75
1087,8.600000381469727,8.220000267028809
1088,8.239999771118164,8.399999618530273
1089,8.229999542236328,8.029999732971191
1090,8.1899995803833,8.279999732971191
1091,8.109999656677246,8.270000457763672
1092,8.369999885559082,8.449999809265137
1093,8.520000457763672,8.479999542236328
1094,8.729999542236328,8.670000076293945
1095,8.619999885559082,8.460000038146973
1096,8.619999885559082,8.760000228881836
1097,8.859999656677246,8.529999732971191
1098,8.489999771118164,8.699999809265137
1099,8.640000343322754,8.520000457763672
1100,8.34000015258789,8.859999656677246
1101,9.020000457763672,8.989999771118164
1102,8.899999618530273,8.829999923706055
1103,8.949999809265137,8.779999732971191
1104,8.720000267028809,8.819999694824219
1105,9.109999656677246,9.180000305175781
1106,9.260000228881836,9.300000190734863
1107,9.1899995803833,8.960000038146973
1108,8.979999542236328,9.0
1109,8.90999984741211,9.300000190734863
1110,9.079999923706055,9.140000343322754
1111,9.220000267028809,9.270000457763672
1112,9.079999923706055,9.079999923706055
1113,9.079999923706055,8.670000076293945
1114,8.630000114440918,8.390000343322754
1115,8.3100004196167,8.420000076293945
1116,8.9399995803833,8.930000305175781
1117,8.970000267028809,8.890000343322754
1118,8.630000114440918,8.619999885559082
1119,8.779999732971191,8.829999923706055
1120,9.0600004196167,8.779999732971191
1121,8.890000343322754,8.789999961853027
1122,8.90999984741211,8.6899995803833
1123,8.65999984741211,8.609999656677246
1124,8.600000381469727,8.449999809265137
1125,8.649999618530273,8.65999984741211
1126,8.670000076293945,8.520000457763672
1127,8.229999542236328,8.380000114440918
1128,8.289999961853027,8.25
1129,8.380000114440918,8.449999809265137
1130,8.470000267028809,8.489999771118164
1131,8.479999542236328,8.119999885559082
1132,8.25,8.180000305175781
1133,8.260000228881836,8.5
1134,8.359999656677246,8.170000076293945
1135,8.470000267028809,8.680000305175781
1136,8.720000267028809,8.699999809265137
1137,8.800000190734863,8.800000190734863
1138,8.859999656677246,8.8100004196167
1139,8.390000343322754,8.399999618530273
1140,8.640000343322754,8.65999984741211
1141,8.609999656677246,8.34000015258789
1142,8.359999656677246,8.279999732971191
1143,8.279999732971191,8.279999732971191
1144,8.390000343322754,8.270000457763672
1145,8.319999694824219,8.420000076293945
1146,8.260000228881836,8.579999923706055
1147,8.40999984741211,8.210000038146973
1148,7.940000057220459,7.889999866485596
1149,7.989999771118164,7.840000152587891
1150,7.690000057220459,7.460000038146973
1151,7.460000038146973,7.630000114440918
1152,7.360000133514404,7.460000038146973
1153,7.559999942779541,7.199999809265137
1154,7.130000114440918,6.989999771118164
1155,7.099999904632568,7.119999885559082
1156,6.949999809265137,7.070000171661377
1157,6.900000095367432,6.840000152587891
1158,6.960000038146973,7.210000038146973
1159,7.510000228881836,7.170000076293945
1160,7.139999866485596,7.110000133514404
1161,7.130000114440918,7.380000114440918
1162,7.349999904632568,7.25
1163,7.25,7.300000190734863
1164,7.150000095367432,7.230000019073486
1165,7.269999980926514,7.150000095367432
1166,7.0,7.010000228881836
1167,7.019999980926514,6.860000133514404
1168,6.909999847412109,6.960000038146973
1169,7.03000020980835,7.230000019073486
1170,7.159999847412109,7.190000057220459
1171,7.210000038146973,7.449999809265137
1172,7.510000228881836,7.320000171661377
1173,7.260000228881836,7.190000057220459
1174,7.070000171661377,6.980000019073486
1175,6.71999979019165,6.46999979019165
1176,6.239999771118164,6.690000057220459
1177,6.650000095367432,6.630000114440918
1178,6.710000038146973,6.71999979019165
1179,6.96999979019165,6.880000114440918
1180,6.889999866485596,6.96999979019165
1181,7.130000114440918,7.190000057220459
1182,7.179999828338623,7.369999885559082
1183,8.34000015258789,8.1899995803833
1184,8.420000076293945,8.789999961853027
1185,8.600000381469727,8.779999732971191
1186,8.529999732971191,8.279999732971191
1187,8.329999923706055,8.529999732971191
1188,8.970000267028809,8.84000015258789
1189,8.779999732971191,9.119999885559082
1190,9.25,9.069999694824219
1191,9.130000114440918,9.199999809265137
1192,9.130000114440918,9.069999694824219
1193,9.319999694824219,9.350000381469727
1194,9.850000381469727,10.0
1195,9.949999809265137,10.029999732971191
1196,9.720000267028809,9.9399995803833
1197,9.800000190734863,9.569999694824219
1198,9.880000114440918,10.100000381469727
1199,9.979999542236328,10.1899995803833
1200,10.399999618530273,10.550000190734863
1201,10.770000457763672,10.920000076293945
1202,10.960000038146973,10.770000457763672
1203,10.75,10.630000114440918
1204,10.720000267028809,10.5600004196167
1205,10.779999732971191,11.260000228881836
1206,11.0600004196167,11.130000114440918
1207,11.199999809265137,10.899999618530273
1208,10.989999771118164,11.140000343322754
1209,11.069999694824219,11.289999961853027
1210,11.40999984741211,11.369999885559082
1211,11.359999656677246,11.289999961853027
1212,10.729999542236328,10.760000228881836
1213,10.850000381469727,10.829999923706055
1214,10.880000114440918,10.9399995803833
1215,10.979999542236328,10.970000267028809
1216,10.989999771118164,10.989999771118164
1217,11.109999656677246,11.050000190734863
1218,11.039999961853027,11.210000038146973
1219,11.180000305175781,11.229999542236328
1220,11.430000305175781,11.1899995803833
1221,10.920000076293945,11.520000457763672
1222,11.640000343322754,11.619999885559082
1223,11.819999694824219,11.6899995803833
1224,11.859999656677246,11.6899995803833
1225,11.380000114440918,11.399999618530273
1226,11.569999694824219,11.720000267028809
1227,11.59000015258789,11.210000038146973
1228,11.239999771118164,11.529999732971191
1229,11.039999961853027,10.899999618530273
1230,10.9399995803833,10.880000114440918
1231,11.050000190734863,10.829999923706055
1232,10.850000381469727,10.529999732971191
1233,10.149999618530273,10.1899995803833
1234,10.109999656677246,10.09000015258789
1235,10.399999618530273,10.350000381469727
1236,10.279999732971191,10.34000015258789
1237,10.630000114440918,10.550000190734863
1238,10.239999771118164,10.050000190734863
1239,10.180000305175781,10.279999732971191
1240,11.0,10.829999923706055
1241,10.920000076293945,10.949999809265137
1242,10.789999961853027,10.859999656677246
1243,11.300000190734863,11.069999694824219
1244,10.880000114440918,10.609999656677246
1245,10.399999618530273,10.279999732971191
1246,10.199999809265137,10.420000076293945
1247,10.609999656677246,10.529999732971191
1248,10.369999885559082,10.550000190734863
1249,10.699999809265137,10.699999809265137
1250,10.699999809265137,10.920000076293945
1251,11.069999694824219,10.819999694824219
1252,10.359999656677246,10.050000190734863
1253,7.880000114440918,7.940000057220459
1254,8.449999809265137,8.470000267028809
1255,8.640000343322754,8.720000267028809
1256,8.930000305175781,8.270000457763672
1257,8.319999694824219,7.929999828338623
