,Open 0,Target,Close 1,Open 1,Close 2,Open 2,Close 3,Open 3,Close 4,Open 4,Close 5,Open 5,Anos,Meses,Dias,Dias_semana,Periodos,Ano_2020,Ano_2021,Mes_01,Mes_02,Mes_03,Mes_04,Mes_05,Mes_06,Mes_07,Mes_08,Mes_09,Mes_10,Mes_11,Mes_12,Dia_01,Dia_02,Dia_03,Dia_04,Dia_05,Dia_06,Dia_07,Dia_08,Dia_09,Dia_10,Dia_11,Dia_12,Dia_13,Dia_14,Dia_15,Dia_16,Dia_17,Dia_18,Dia_19,Dia_20,Dia_21,Dia_22,Dia_23,Dia_24,Dia_25,Dia_26,Dia_27,Dia_28,Dia_29,Dia_30,Dia_31,Dia_semana_Quarta,Dia_semana_Quinta,Dia_semana_Segunda,Dia_semana_Sexta,Dia_semana_Terca,Periodo_1,Periodo_2,Periodo_3,Periodo_4
5,169.60000610351562,169.5,181.08999633789062,178.3300018310547,185.1699981689453,186.77999877929688,191.75999450683594,189.1699981689453,185.88999938964844,196.22000122070312,196.44000244140625,194.02999877929688,2020,03,09,Segunda,2,1,0,0,0,1,0,0,0,0,0,0,0,0,0,0,0,0,0,0,0,0,0,1,0,0,0,0,0,0,0,0,0,0,0,0,0,0,0,0,0,0,0,0,0,0,0,0,1,0,0,0,1,0,0
6,174.6699981689453,178.19000244140625,169.5,169.60000610351562,181.08999633789062,178.3300018310547,185.1699981689453,186.77999877929688,191.75999450683594,189.1699981689453,185.88999938964844,196.22000122070312,2020,03,10,Terca,2,1,0,0,0,1,0,0,0,0,0,0,0,0,0,0,0,0,0,0,0,0,0,0,1,0,0,0,0,0,0,0,0,0,0,0,0,0,0,0,0,0,0,0,0,0,0,0,0,0,1,0,1,0,0
7,174.00999450683594,170.24000549316406,178.19000244140625,174.6699981689453,169.5,169.60000610351562,181.08999633789062,178.3300018310547,185.1699981689453,186.77999877929688,191.75999450683594,189.1699981689453,2020,03,11,Quarta,2,1,0,0,0,1,0,0,0,0,0,0,0,0,0,0,0,0,0,0,0,0,0,0,0,1,0,0,0,0,0,0,0,0,0,0,0,0,0,0,0,0,0,0,0,0,1,0,0,0,0,0,1,0,0
8,159.5399932861328,154.47000122070312,170.24000549316406,174.00999450683594,178.19000244140625,174.6699981689453,169.5,169.60000610351562,181.08999633789062,178.3300018310547,185.1699981689453,186.77999877929688,2020,03,12,Quinta,2,1,0,0,0,1,0,0,0,0,0,0,0,0,0,0,0,0,0,0,0,0,0,0,0,0,1,0,0,0,0,0,0,0,0,0,0,0,0,0,0,0,0,0,0,0,0,1,0,0,0,0,1,0,0
9,163.52999877929688,170.27999877929688,154.47000122070312,159.5399932861328,170.24000549316406,174.00999450683594,178.19000244140625,174.6699981689453,169.5,169.60000610351562,181.08999633789062,178.3300018310547,2020,03,13,Sexta,2,1,0,0,0,1,0,0,0,0,0,0,0,0,0,0,0,0,0,0,0,0,0,0,0,0,0,1,0,0,0,0,0,0,0,0,0,0,0,0,0,0,0,0,0,0,0,0,0,1,0,0,1,0,0
10,152.32000732421875,146.00999450683594,170.27999877929688,163.52999877929688,154.47000122070312,159.5399932861328,170.24000549316406,174.00999450683594,178.19000244140625,174.6699981689453,169.5,169.60000610351562,2020,03,16,Segunda,3,1,0,0,0,1,0,0,0,0,0,0,0,0,0,0,0,0,0,0,0,0,0,0,0,0,0,0,0,0,1,0,0,0,0,0,0,0,0,0,0,0,0,0,0,0,0,0,1,0,0,0,0,1,0
11,150.74000549316406,149.4199981689453,146.00999450683594,152.32000732421875,170.27999877929688,163.52999877929688,154.47000122070312,159.5399932861328,170.24000549316406,174.00999450683594,178.19000244140625,174.6699981689453,2020,03,17,Terca,3,1,0,0,0,1,0,0,0,0,0,0,0,0,0,0,0,0,0,0,0,0,0,0,0,0,0,0,0,0,0,1,0,0,0,0,0,0,0,0,0,0,0,0,0,0,0,0,0,0,1,0,0,1,0
12,139.75,146.9600067138672,149.4199981689453,150.74000549316406,146.00999450683594,152.32000732421875,170.27999877929688,163.52999877929688,154.47000122070312,159.5399932861328,170.24000549316406,174.00999450683594,2020,03,18,Quarta,3,1,0,0,0,1,0,0,0,0,0,0,0,0,0,0,0,0,0,0,0,0,0,0,0,0,0,0,0,0,0,0,1,0,0,0,0,0,0,0,0,0,0,0,0,0,1,0,0,0,0,0,0,1,0
13,146.6199951171875,153.1300048828125,146.9600067138672,139.75,149.4199981689453,150.74000549316406,146.00999450683594,152.32000732421875,170.27999877929688,163.52999877929688,154.47000122070312,159.5399932861328,2020,03,19,Quinta,3,1,0,0,0,1,0,0,0,0,0,0,0,0,0,0,0,0,0,0,0,0,0,0,0,0,0,0,0,0,0,0,0,1,0,0,0,0,0,0,0,0,0,0,0,0,0,1,0,0,0,0,0,1,0
14,156.02000427246094,149.72999572753906,153.1300048828125,146.6199951171875,146.9600067138672,139.75,149.4199981689453,150.74000549316406,146.00999450683594,152.32000732421875,170.27999877929688,163.52999877929688,2020,03,20,Sexta,3,1,0,0,0,1,0,0,0,0,0,0,0,0,0,0,0,0,0,0,0,0,0,0,0,0,0,0,0,0,0,0,0,0,1,0,0,0,0,0,0,0,0,0,0,0,0,0,0,1,0,0,0,1,0
15,149.66000366210938,148.10000610351562,149.72999572753906,156.02000427246094,153.1300048828125,146.6199951171875,146.9600067138672,139.75,149.4199981689453,150.74000549316406,146.00999450683594,152.32000732421875,2020,03,23,Segunda,4,1,0,0,0,1,0,0,0,0,0,0,0,0,0,0,0,0,0,0,0,0,0,0,0,0,0,0,0,0,0,0,0,0,0,0,0,1,0,0,0,0,0,0,0,0,0,0,1,0,0,0,0,0,1
16,155.2100067138672,160.97999572753906,148.10000610351562,149.66000366210938,149.72999572753906,156.02000427246094,153.1300048828125,146.6199951171875,146.9600067138672,139.75,149.4199981689453,150.74000549316406,2020,03,24,Terca,4,1,0,0,0,1,0,0,0,0,0,0,0,0,0,0,0,0,0,0,0,0,0,0,0,0,0,0,0,0,0,0,0,0,0,0,0,0,1,0,0,0,0,0,0,0,0,0,0,0,1,0,0,0,1
17,158.9199981689453,156.2100067138672,160.97999572753906,155.2100067138672,148.10000610351562,149.66000366210938,149.72999572753906,156.02000427246094,153.1300048828125,146.6199951171875,146.9600067138672,139.75,2020,03,25,Quarta,4,1,0,0,0,1,0,0,0,0,0,0,0,0,0,0,0,0,0,0,0,0,0,0,0,0,0,0,0,0,0,0,0,0,0,0,0,0,0,1,0,0,0,0,0,0,1,0,0,0,0,0,0,0,1
18,158.25,163.33999633789062,156.2100067138672,158.9199981689453,160.97999572753906,155.2100067138672,148.10000610351562,149.66000366210938,149.72999572753906,156.02000427246094,153.1300048828125,146.6199951171875,2020,03,26,Quinta,4,1,0,0,0,1,0,0,0,0,0,0,0,0,0,0,0,0,0,0,0,0,0,0,0,0,0,0,0,0,0,0,0,0,0,0,0,0,0,0,1,0,0,0,0,0,0,1,0,0,0,0,0,0,1
19,158.1999969482422,156.7899932861328,163.33999633789062,158.25,156.2100067138672,158.9199981689453,160.97999572753906,155.2100067138672,148.10000610351562,149.66000366210938,149.72999572753906,156.02000427246094,2020,03,27,Sexta,4,1,0,0,0,1,0,0,0,0,0,0,0,0,0,0,0,0,0,0,0,0,0,0,0,0,0,0,0,0,0,0,0,0,0,0,0,0,0,0,0,1,0,0,0,0,0,0,0,1,0,0,0,0,1
20,159.17999267578125,165.9499969482422,156.7899932861328,158.1999969482422,163.33999633789062,158.25,156.2100067138672,158.9199981689453,160.97999572753906,155.2100067138672,148.10000610351562,149.66000366210938,2020,03,30,Segunda,4,1,0,0,0,1,0,0,0,0,0,0,0,0,0,0,0,0,0,0,0,0,0,0,0,0,0,0,0,0,0,0,0,0,0,0,0,0,0,0,0,0,0,0,1,0,0,0,1,0,0,0,0,0,1
21,165.47999572753906,166.8000030517578,165.9499969482422,159.17999267578125,156.7899932861328,158.1999969482422,163.33999633789062,158.25,156.2100067138672,158.9199981689453,160.97999572753906,155.2100067138672,2020,03,31,Terca,4,1,0,0,0,1,0,0,0,0,0,0,0,0,0,0,0,0,0,0,0,0,0,0,0,0,0,0,0,0,0,0,0,0,0,0,0,0,0,0,0,0,0,0,0,1,0,0,0,0,1,0,0,0,1
22,161.6199951171875,159.60000610351562,166.8000030517578,165.47999572753906,165.9499969482422,159.17999267578125,156.7899932861328,158.1999969482422,163.33999633789062,158.25,156.2100067138672,158.9199981689453,2020,04,01,Quarta,1,1,0,0,0,0,1,0,0,0,0,0,0,0,0,1,0,0,0,0,0,0,0,0,0,0,0,0,0,0,0,0,0,0,0,0,0,0,0,0,0,0,0,0,0,0,1,0,0,0,0,1,0,0,0
23,159.10000610351562,158.19000244140625,159.60000610351562,161.6199951171875,166.8000030517578,165.47999572753906,165.9499969482422,159.17999267578125,156.7899932861328,158.1999969482422,163.33999633789062,158.25,2020,04,02,Quinta,1,1,0,0,0,0,1,0,0,0,0,0,0,0,0,0,1,0,0,0,0,0,0,0,0,0,0,0,0,0,0,0,0,0,0,0,0,0,0,0,0,0,0,0,0,0,0,1,0,0,0,1,0,0,0
24,157.14999389648438,154.17999267578125,158.19000244140625,159.10000610351562,159.60000610351562,161.6199951171875,166.8000030517578,165.47999572753906,165.9499969482422,159.17999267578125,156.7899932861328,158.1999969482422,2020,04,03,Sexta,1,1,0,0,0,0,1,0,0,0,0,0,0,0,0,0,0,1,0,0,0,0,0,0,0,0,0,0,0,0,0,0,0,0,0,0,0,0,0,0,0,0,0,0,0,0,0,0,0,1,0,1,0,0,0
25,160.14999389648438,165.5500030517578,154.17999267578125,157.14999389648438,158.19000244140625,159.10000610351562,159.60000610351562,161.6199951171875,166.8000030517578,165.47999572753906,165.9499969482422,159.17999267578125,2020,04,06,Segunda,1,1,0,0,0,0,1,0,0,0,0,0,0,0,0,0,0,0,0,0,1,0,0,0,0,0,0,0,0,0,0,0,0,0,0,0,0,0,0,0,0,0,0,0,0,0,0,0,1,0,0,1,0,0,0
26,171.7899932861328,168.8300018310547,165.5500030517578,160.14999389648438,154.17999267578125,157.14999389648438,158.19000244140625,159.10000610351562,159.60000610351562,161.6199951171875,166.8000030517578,165.47999572753906,2020,04,07,Terca,1,1,0,0,0,0,1,0,0,0,0,0,0,0,0,0,0,0,0,0,0,1,0,0,0,0,0,0,0,0,0,0,0,0,0,0,0,0,0,0,0,0,0,0,0,0,0,0,0,0,1,1,0,0,0
27,171.25,174.27999877929688,168.8300018310547,171.7899932861328,165.5500030517578,160.14999389648438,154.17999267578125,157.14999389648438,158.19000244140625,159.10000610351562,159.60000610351562,161.6199951171875,2020,04,08,Quarta,2,1,0,0,0,0,1,0,0,0,0,0,0,0,0,0,0,0,0,0,0,0,1,0,0,0,0,0,0,0,0,0,0,0,0,0,0,0,0,0,0,0,0,0,0,0,1,0,0,0,0,0,1,0,0
28,175.89999389648438,175.19000244140625,174.27999877929688,171.25,168.8300018310547,171.7899932861328,165.5500030517578,160.14999389648438,154.17999267578125,157.14999389648438,158.19000244140625,159.10000610351562,2020,04,09,Quinta,2,1,0,0,0,0,1,0,0,0,0,0,0,0,0,0,0,0,0,0,0,0,0,1,0,0,0,0,0,0,0,0,0,0,0,0,0,0,0,0,0,0,0,0,0,0,0,1,0,0,0,0,1,0,0
29,173.6699981689453,174.7899932861328,175.19000244140625,175.89999389648438,174.27999877929688,171.25,168.8300018310547,171.7899932861328,165.5500030517578,160.14999389648438,154.17999267578125,157.14999389648438,2020,04,13,Segunda,2,1,0,0,0,0,1,0,0,0,0,0,0,0,0,0,0,0,0,0,0,0,0,0,0,0,0,1,0,0,0,0,0,0,0,0,0,0,0,0,0,0,0,0,0,0,0,0,1,0,0,0,1,0,0
30,178.97999572753906,178.1699981689453,174.7899932861328,173.6699981689453,175.19000244140625,175.89999389648438,174.27999877929688,171.25,168.8300018310547,171.7899932861328,165.5500030517578,160.14999389648438,2020,04,14,Terca,2,1,0,0,0,0,1,0,0,0,0,0,0,0,0,0,0,0,0,0,0,0,0,0,0,0,0,0,1,0,0,0,0,0,0,0,0,0,0,0,0,0,0,0,0,0,0,0,0,0,1,0,1,0,0
31,175.19000244140625,176.97000122070312,178.1699981689453,178.97999572753906,174.7899932861328,173.6699981689453,175.19000244140625,175.89999389648438,174.27999877929688,171.25,168.8300018310547,171.7899932861328,2020,04,15,Quarta,3,1,0,0,0,0,1,0,0,0,0,0,0,0,0,0,0,0,0,0,0,0,0,0,0,0,0,0,0,1,0,0,0,0,0,0,0,0,0,0,0,0,0,0,0,0,1,0,0,0,0,0,0,1,0
32,177.9499969482422,176.25,176.97000122070312,175.19000244140625,178.1699981689453,178.97999572753906,174.7899932861328,173.6699981689453,175.19000244140625,175.89999389648438,174.27999877929688,171.25,2020,04,16,Quinta,3,1,0,0,0,0,1,0,0,0,0,0,0,0,0,0,0,0,0,0,0,0,0,0,0,0,0,0,0,0,1,0,0,0,0,0,0,0,0,0,0,0,0,0,0,0,0,1,0,0,0,0,0,1,0
33,179.1999969482422,179.24000549316406,176.25,177.9499969482422,176.97000122070312,175.19000244140625,178.1699981689453,178.97999572753906,174.7899932861328,173.6699981689453,175.19000244140625,175.89999389648438,2020,04,17,Sexta,3,1,0,0,0,0,1,0,0,0,0,0,0,0,0,0,0,0,0,0,0,0,0,0,0,0,0,0,0,0,0,1,0,0,0,0,0,0,0,0,0,0,0,0,0,0,0,0,0,1,0,0,0,1,0
34,177.41000366210938,178.24000549316406,179.24000549316406,179.1999969482422,176.25,177.9499969482422,176.97000122070312,175.19000244140625,178.1699981689453,178.97999572753906,174.7899932861328,173.6699981689453,2020,04,20,Segunda,3,1,0,0,0,0,1,0,0,0,0,0,0,0,0,0,0,0,0,0,0,0,0,0,0,0,0,0,0,0,0,0,0,0,1,0,0,0,0,0,0,0,0,0,0,0,0,0,1,0,0,0,0,1,0
35,175.25,170.8000030517578,178.24000549316406,177.41000366210938,179.24000549316406,179.1999969482422,176.25,177.9499969482422,176.97000122070312,175.19000244140625,178.1699981689453,178.97999572753906,2020,04,21,Terca,4,1,0,0,0,0,1,0,0,0,0,0,0,0,0,0,0,0,0,0,0,0,0,0,0,0,0,0,0,0,0,0,0,0,0,1,0,0,0,0,0,0,0,0,0,0,0,0,0,0,1,0,0,0,1
36,178.4499969482422,182.27999877929688,170.8000030517578,175.25,178.24000549316406,177.41000366210938,179.24000549316406,179.1999969482422,176.25,177.9499969482422,176.97000122070312,175.19000244140625,2020,04,22,Quarta,4,1,0,0,0,0,1,0,0,0,0,0,0,0,0,0,0,0,0,0,0,0,0,0,0,0,0,0,0,0,0,0,0,0,0,0,1,0,0,0,0,0,0,0,0,0,1,0,0,0,0,0,0,0,1
37,184.0800018310547,185.1300048828125,182.27999877929688,178.4499969482422,170.8000030517578,175.25,178.24000549316406,177.41000366210938,179.24000549316406,179.1999969482422,176.25,177.9499969482422,2020,04,23,Quinta,4,1,0,0,0,0,1,0,0,0,0,0,0,0,0,0,0,0,0,0,0,0,0,0,0,0,0,0,0,0,0,0,0,0,0,0,0,1,0,0,0,0,0,0,0,0,0,1,0,0,0,0,0,0,1
38,183.22999572753906,190.07000732421875,185.1300048828125,184.0800018310547,182.27999877929688,178.4499969482422,170.8000030517578,175.25,178.24000549316406,177.41000366210938,179.24000549316406,179.1999969482422,2020,04,24,Sexta,4,1,0,0,0,0,1,0,0,0,0,0,0,0,0,0,0,0,0,0,0,0,0,0,0,0,0,0,0,0,0,0,0,0,0,0,0,0,1,0,0,0,0,0,0,0,0,0,0,1,0,0,0,0,1
39,192.66000366210938,187.5,190.07000732421875,183.22999572753906,185.1300048828125,184.0800018310547,182.27999877929688,178.4499969482422,170.8000030517578,175.25,178.24000549316406,177.41000366210938,2020,04,27,Segunda,4,1,0,0,0,0,1,0,0,0,0,0,0,0,0,0,0,0,0,0,0,0,0,0,0,0,0,0,0,0,0,0,0,0,0,0,0,0,0,0,0,1,0,0,0,0,0,0,1,0,0,0,0,0,1
40,188.66000366210938,182.91000366210938,187.5,192.66000366210938,190.07000732421875,183.22999572753906,185.1300048828125,184.0800018310547,182.27999877929688,178.4499969482422,170.8000030517578,175.25,2020,04,28,Terca,4,1,0,0,0,0,1,0,0,0,0,0,0,0,0,0,0,0,0,0,0,0,0,0,0,0,0,0,0,0,0,0,0,0,0,0,0,0,0,0,0,0,1,0,0,0,0,0,0,0,1,0,0,0,1
41,190.92999267578125,194.19000244140625,182.91000366210938,188.66000366210938,187.5,192.66000366210938,190.07000732421875,183.22999572753906,185.1300048828125,184.0800018310547,182.27999877929688,178.4499969482422,2020,04,29,Quarta,4,1,0,0,0,0,1,0,0,0,0,0,0,0,0,0,0,0,0,0,0,0,0,0,0,0,0,0,0,0,0,0,0,0,0,0,0,0,0,0,0,0,0,1,0,0,1,0,0,0,0,0,0,0,1
42,206.9199981689453,204.7100067138672,194.19000244140625,190.92999267578125,182.91000366210938,188.66000366210938,187.5,192.66000366210938,190.07000732421875,183.22999572753906,185.1300048828125,184.0800018310547,2020,04,30,Quinta,4,1,0,0,0,0,1,0,0,0,0,0,0,0,0,0,0,0,0,0,0,0,0,0,0,0,0,0,0,0,0,0,0,0,0,0,0,0,0,0,0,0,0,0,1,0,0,1,0,0,0,0,0,0,1
43,201.60000610351562,202.27000427246094,204.7100067138672,206.9199981689453,194.19000244140625,190.92999267578125,182.91000366210938,188.66000366210938,187.5,192.66000366210938,190.07000732421875,183.22999572753906,2020,05,01,Sexta,1,1,0,0,0,0,0,1,0,0,0,0,0,0,0,1,0,0,0,0,0,0,0,0,0,0,0,0,0,0,0,0,0,0,0,0,0,0,0,0,0,0,0,0,0,0,0,0,0,1,0,1,0,0,0
44,200.1999969482422,205.25999450683594,202.27000427246094,201.60000610351562,204.7100067138672,206.9199981689453,194.19000244140625,190.92999267578125,182.91000366210938,188.66000366210938,187.5,192.66000366210938,2020,05,04,Segunda,1,1,0,0,0,0,0,1,0,0,0,0,0,0,0,0,0,0,1,0,0,0,0,0,0,0,0,0,0,0,0,0,0,0,0,0,0,0,0,0,0,0,0,0,0,0,0,0,1,0,0,1,0,0,0
45,207.02000427246094,207.07000732421875,205.25999450683594,200.1999969482422,202.27000427246094,201.60000610351562,204.7100067138672,206.9199981689453,194.19000244140625,190.92999267578125,182.91000366210938,188.66000366210938,2020,05,05,Terca,1,1,0,0,0,0,0,1,0,0,0,0,0,0,0,0,0,0,0,1,0,0,0,0,0,0,0,0,0,0,0,0,0,0,0,0,0,0,0,0,0,0,0,0,0,0,0,0,0,0,1,1,0,0,0
46,208.1199951171875,208.47000122070312,207.07000732421875,207.02000427246094,205.25999450683594,200.1999969482422,202.27000427246094,201.60000610351562,204.7100067138672,206.9199981689453,194.19000244140625,190.92999267578125,2020,05,06,Quarta,1,1,0,0,0,0,0,1,0,0,0,0,0,0,0,0,0,0,0,0,1,0,0,0,0,0,0,0,0,0,0,0,0,0,0,0,0,0,0,0,0,0,0,0,0,0,1,0,0,0,0,1,0,0,0
47,211.16000366210938,211.25999450683594,208.47000122070312,208.1199951171875,207.07000732421875,207.02000427246094,205.25999450683594,200.1999969482422,202.27000427246094,201.60000610351562,204.7100067138672,206.9199981689453,2020,05,07,Quinta,1,1,0,0,0,0,0,1,0,0,0,0,0,0,0,0,0,0,0,0,0,1,0,0,0,0,0,0,0,0,0,0,0,0,0,0,0,0,0,0,0,0,0,0,0,0,0,1,0,0,0,1,0,0,0
48,212.24000549316406,212.35000610351562,211.25999450683594,211.16000366210938,208.47000122070312,208.1199951171875,207.07000732421875,207.02000427246094,205.25999450683594,200.1999969482422,202.27000427246094,201.60000610351562,2020,05,08,Sexta,2,1,0,0,0,0,0,1,0,0,0,0,0,0,0,0,0,0,0,0,0,0,1,0,0,0,0,0,0,0,0,0,0,0,0,0,0,0,0,0,0,0,0,0,0,0,0,0,0,1,0,0,1,0,0
49,210.88999938964844,213.17999267578125,212.35000610351562,212.24000549316406,211.25999450683594,211.16000366210938,208.47000122070312,208.1199951171875,207.07000732421875,207.02000427246094,205.25999450683594,200.1999969482422,2020,05,11,Segunda,2,1,0,0,0,0,0,1,0,0,0,0,0,0,0,0,0,0,0,0,0,0,0,0,0,1,0,0,0,0,0,0,0,0,0,0,0,0,0,0,0,0,0,0,0,0,0,0,1,0,0,0,1,0,0
50,213.2899932861328,210.10000610351562,213.17999267578125,210.88999938964844,212.35000610351562,212.24000549316406,211.25999450683594,211.16000366210938,208.47000122070312,208.1199951171875,207.07000732421875,207.02000427246094,2020,05,12,Terca,2,1,0,0,0,0,0,1,0,0,0,0,0,0,0,0,0,0,0,0,0,0,0,0,0,0,1,0,0,0,0,0,0,0,0,0,0,0,0,0,0,0,0,0,0,0,0,0,0,0,1,0,1,0,0
51,209.42999267578125,205.10000610351562,210.10000610351562,213.2899932861328,213.17999267578125,210.88999938964844,212.35000610351562,212.24000549316406,211.25999450683594,211.16000366210938,208.47000122070312,208.1199951171875,2020,05,13,Quarta,2,1,0,0,0,0,0,1,0,0,0,0,0,0,0,0,0,0,0,0,0,0,0,0,0,0,0,1,0,0,0,0,0,0,0,0,0,0,0,0,0,0,0,0,0,0,1,0,0,0,0,0,1,0,0
52,202.55999755859375,206.80999755859375,205.10000610351562,209.42999267578125,210.10000610351562,213.2899932861328,213.17999267578125,210.88999938964844,212.35000610351562,212.24000549316406,211.25999450683594,211.16000366210938,2020,05,14,Quinta,2,1,0,0,0,0,0,1,0,0,0,0,0,0,0,0,0,0,0,0,0,0,0,0,0,0,0,0,1,0,0,0,0,0,0,0,0,0,0,0,0,0,0,0,0,0,0,1,0,0,0,0,1,0,0
53,205.27000427246094,210.8800048828125,206.80999755859375,202.55999755859375,205.10000610351562,209.42999267578125,210.10000610351562,213.2899932861328,213.17999267578125,210.88999938964844,212.35000610351562,212.24000549316406,2020,05,15,Sexta,3,1,0,0,0,0,0,1,0,0,0,0,0,0,0,0,0,0,0,0,0,0,0,0,0,0,0,0,0,1,0,0,0,0,0,0,0,0,0,0,0,0,0,0,0,0,0,0,0,1,0,0,0,1,0
54,212.14999389648438,213.19000244140625,210.8800048828125,205.27000427246094,206.80999755859375,202.55999755859375,205.10000610351562,209.42999267578125,210.10000610351562,213.2899932861328,213.17999267578125,210.88999938964844,2020,05,18,Segunda,3,1,0,0,0,0,0,1,0,0,0,0,0,0,0,0,0,0,0,0,0,0,0,0,0,0,0,0,0,0,0,0,1,0,0,0,0,0,0,0,0,0,0,0,0,0,0,0,1,0,0,0,0,1,0
55,213.27000427246094,216.8800048828125,213.19000244140625,212.14999389648438,210.8800048828125,205.27000427246094,206.80999755859375,202.55999755859375,205.10000610351562,209.42999267578125,210.10000610351562,213.2899932861328,2020,05,19,Terca,3,1,0,0,0,0,0,1,0,0,0,0,0,0,0,0,0,0,0,0,0,0,0,0,0,0,0,0,0,0,0,0,0,1,0,0,0,0,0,0,0,0,0,0,0,0,0,0,0,0,1,0,0,1,0
56,223.5,229.97000122070312,216.8800048828125,213.27000427246094,213.19000244140625,212.14999389648438,210.8800048828125,205.27000427246094,206.80999755859375,202.55999755859375,205.10000610351562,209.42999267578125,2020,05,20,Quarta,3,1,0,0,0,0,0,1,0,0,0,0,0,0,0,0,0,0,0,0,0,0,0,0,0,0,0,0,0,0,0,0,0,0,1,0,0,0,0,0,0,0,0,0,0,0,1,0,0,0,0,0,0,1,0
57,234.72000122070312,231.38999938964844,229.97000122070312,223.5,216.8800048828125,213.27000427246094,213.19000244140625,212.14999389648438,210.8800048828125,205.27000427246094,206.80999755859375,202.55999755859375,2020,05,21,Quinta,4,1,0,0,0,0,0,1,0,0,0,0,0,0,0,0,0,0,0,0,0,0,0,0,0,0,0,0,0,0,0,0,0,0,0,1,0,0,0,0,0,0,0,0,0,0,0,1,0,0,0,0,0,0,1
58,231.50999450683594,234.91000366210938,231.38999938964844,234.72000122070312,229.97000122070312,223.5,216.8800048828125,213.27000427246094,213.19000244140625,212.14999389648438,210.8800048828125,205.27000427246094,2020,05,22,Sexta,4,1,0,0,0,0,0,1,0,0,0,0,0,0,0,0,0,0,0,0,0,0,0,0,0,0,0,0,0,0,0,0,0,0,0,0,1,0,0,0,0,0,0,0,0,0,0,0,0,1,0,0,0,0,1
59,239.77000427246094,232.1999969482422,234.91000366210938,231.50999450683594,231.38999938964844,234.72000122070312,229.97000122070312,223.5,216.8800048828125,213.27000427246094,213.19000244140625,212.14999389648438,2020,05,26,Terca,4,1,0,0,0,0,0,1,0,0,0,0,0,0,0,0,0,0,0,0,0,0,0,0,0,0,0,0,0,0,0,0,0,0,0,0,0,0,0,0,1,0,0,0,0,0,0,0,0,0,1,0,0,0,1
60,229.07000732421875,229.13999938964844,232.1999969482422,239.77000427246094,234.91000366210938,231.50999450683594,231.38999938964844,234.72000122070312,229.97000122070312,223.5,216.8800048828125,213.27000427246094,2020,05,27,Quarta,4,1,0,0,0,0,0,1,0,0,0,0,0,0,0,0,0,0,0,0,0,0,0,0,0,0,0,0,0,0,0,0,0,0,0,0,0,0,0,0,0,1,0,0,0,0,1,0,0,0,0,0,0,0,1
61,224.3000030517578,225.4600067138672,229.13999938964844,229.07000732421875,232.1999969482422,239.77000427246094,234.91000366210938,231.50999450683594,231.38999938964844,234.72000122070312,229.97000122070312,223.5,2020,05,28,Quinta,4,1,0,0,0,0,0,1,0,0,0,0,0,0,0,0,0,0,0,0,0,0,0,0,0,0,0,0,0,0,0,0,0,0,0,0,0,0,0,0,0,0,1,0,0,0,0,1,0,0,0,0,0,0,1
62,225.1999969482422,225.08999633789062,225.4600067138672,224.3000030517578,229.13999938964844,229.07000732421875,232.1999969482422,239.77000427246094,234.91000366210938,231.50999450683594,231.38999938964844,234.72000122070312,2020,05,29,Sexta,4,1,0,0,0,0,0,1,0,0,0,0,0,0,0,0,0,0,0,0,0,0,0,0,0,0,0,0,0,0,0,0,0,0,0,0,0,0,0,0,0,0,0,1,0,0,0,0,0,1,0,0,0,0,1
63,224.58999633789062,231.91000366210938,225.08999633789062,225.1999969482422,225.4600067138672,224.3000030517578,229.13999938964844,229.07000732421875,232.1999969482422,239.77000427246094,234.91000366210938,231.50999450683594,2020,06,01,Segunda,1,1,0,0,0,0,0,0,1,0,0,0,0,0,0,1,0,0,0,0,0,0,0,0,0,0,0,0,0,0,0,0,0,0,0,0,0,0,0,0,0,0,0,0,0,0,0,0,1,0,0,1,0,0,0
64,230.94000244140625,232.72000122070312,231.91000366210938,224.58999633789062,225.08999633789062,225.1999969482422,225.4600067138672,224.3000030517578,229.13999938964844,229.07000732421875,232.1999969482422,239.77000427246094,2020,06,02,Terca,1,1,0,0,0,0,0,0,1,0,0,0,0,0,0,0,1,0,0,0,0,0,0,0,0,0,0,0,0,0,0,0,0,0,0,0,0,0,0,0,0,0,0,0,0,0,0,0,0,0,1,1,0,0,0
65,232.11000061035156,230.16000366210938,232.72000122070312,230.94000244140625,231.91000366210938,224.58999633789062,225.08999633789062,225.1999969482422,225.4600067138672,224.3000030517578,229.13999938964844,229.07000732421875,2020,06,03,Quarta,1,1,0,0,0,0,0,0,1,0,0,0,0,0,0,0,0,1,0,0,0,0,0,0,0,0,0,0,0,0,0,0,0,0,0,0,0,0,0,0,0,0,0,0,0,0,1,0,0,0,0,1,0,0,0
66,229.55999755859375,226.2899932861328,230.16000366210938,232.11000061035156,232.72000122070312,230.94000244140625,231.91000366210938,224.58999633789062,225.08999633789062,225.1999969482422,225.4600067138672,224.3000030517578,2020,06,04,Quinta,1,1,0,0,0,0,0,0,1,0,0,0,0,0,0,0,0,0,1,0,0,0,0,0,0,0,0,0,0,0,0,0,0,0,0,0,0,0,0,0,0,0,0,0,0,0,0,1,0,0,0,1,0,0,0
67,226.7100067138672,230.77000427246094,226.2899932861328,229.55999755859375,230.16000366210938,232.11000061035156,232.72000122070312,230.94000244140625,231.91000366210938,224.58999633789062,225.08999633789062,225.1999969482422,2020,06,05,Sexta,1,1,0,0,0,0,0,0,1,0,0,0,0,0,0,0,0,0,0,1,0,0,0,0,0,0,0,0,0,0,0,0,0,0,0,0,0,0,0,0,0,0,0,0,0,0,0,0,0,1,0,1,0,0,0
68,229.02999877929688,231.39999389648438,230.77000427246094,226.7100067138672,226.2899932861328,229.55999755859375,230.16000366210938,232.11000061035156,232.72000122070312,230.94000244140625,231.91000366210938,224.58999633789062,2020,06,08,Segunda,2,1,0,0,0,0,0,0,1,0,0,0,0,0,0,0,0,0,0,0,0,0,1,0,0,0,0,0,0,0,0,0,0,0,0,0,0,0,0,0,0,0,0,0,0,0,0,0,1,0,0,0,1,0,0
69,231.52000427246094,238.6699981689453,231.39999389648438,229.02999877929688,230.77000427246094,226.7100067138672,226.2899932861328,229.55999755859375,230.16000366210938,232.11000061035156,232.72000122070312,230.94000244140625,2020,06,09,Terca,2,1,0,0,0,0,0,0,1,0,0,0,0,0,0,0,0,0,0,0,0,0,0,1,0,0,0,0,0,0,0,0,0,0,0,0,0,0,0,0,0,0,0,0,0,0,0,0,0,0,1,0,1,0,0
70,240.9600067138672,236.72999572753906,238.6699981689453,231.52000427246094,231.39999389648438,229.02999877929688,230.77000427246094,226.7100067138672,226.2899932861328,229.55999755859375,230.16000366210938,232.11000061035156,2020,06,10,Quarta,2,1,0,0,0,0,0,0,1,0,0,0,0,0,0,0,0,0,0,0,0,0,0,0,1,0,0,0,0,0,0,0,0,0,0,0,0,0,0,0,0,0,0,0,0,0,1,0,0,0,0,0,1,0,0
71,229.94000244140625,224.42999267578125,236.72999572753906,240.9600067138672,238.6699981689453,231.52000427246094,231.39999389648438,229.02999877929688,230.77000427246094,226.7100067138672,226.2899932861328,229.55999755859375,2020,06,11,Quinta,2,1,0,0,0,0,0,0,1,0,0,0,0,0,0,0,0,0,0,0,0,0,0,0,0,1,0,0,0,0,0,0,0,0,0,0,0,0,0,0,0,0,0,0,0,0,0,1,0,0,0,0,1,0,0
72,229.89999389648438,228.5800018310547,224.42999267578125,229.94000244140625,236.72999572753906,240.9600067138672,238.6699981689453,231.52000427246094,231.39999389648438,229.02999877929688,230.77000427246094,226.7100067138672,2020,06,12,Sexta,2,1,0,0,0,0,0,0,1,0,0,0,0,0,0,0,0,0,0,0,0,0,0,0,0,0,1,0,0,0,0,0,0,0,0,0,0,0,0,0,0,0,0,0,0,0,0,0,0,1,0,0,1,0,0
73,225.08999633789062,232.5,228.5800018310547,229.89999389648438,224.42999267578125,229.94000244140625,236.72999572753906,240.9600067138672,238.6699981689453,231.52000427246094,231.39999389648438,229.02999877929688,2020,06,15,Segunda,3,1,0,0,0,0,0,0,1,0,0,0,0,0,0,0,0,0,0,0,0,0,0,0,0,0,0,0,0,1,0,0,0,0,0,0,0,0,0,0,0,0,0,0,0,0,0,0,1,0,0,0,0,1,0
74,237.13999938964844,235.64999389648438,232.5,225.08999633789062,228.5800018310547,229.89999389648438,224.42999267578125,229.94000244140625,236.72999572753906,240.9600067138672,238.6699981689453,231.52000427246094,2020,06,16,Terca,3,1,0,0,0,0,0,0,1,0,0,0,0,0,0,0,0,0,0,0,0,0,0,0,0,0,0,0,0,0,1,0,0,0,0,0,0,0,0,0,0,0,0,0,0,0,0,0,0,0,1,0,0,1,0
75,235.0,235.52999877929688,235.64999389648438,237.13999938964844,232.5,225.08999633789062,228.5800018310547,229.89999389648438,224.42999267578125,229.94000244140625,236.72999572753906,240.9600067138672,2020,06,17,Quarta,3,1,0,0,0,0,0,0,1,0,0,0,0,0,0,0,0,0,0,0,0,0,0,0,0,0,0,0,0,0,0,1,0,0,0,0,0,0,0,0,0,0,0,0,0,0,1,0,0,0,0,0,0,1,0
76,234.99000549316406,235.94000244140625,235.52999877929688,235.0,235.64999389648438,237.13999938964844,232.5,225.08999633789062,228.5800018310547,229.89999389648438,224.42999267578125,229.94000244140625,2020,06,18,Quinta,3,1,0,0,0,0,0,0,1,0,0,0,0,0,0,0,0,0,0,0,0,0,0,0,0,0,0,0,0,0,0,0,1,0,0,0,0,0,0,0,0,0,0,0,0,0,0,1,0,0,0,0,0,1,0
77,237.7899932861328,238.7899932861328,235.94000244140625,234.99000549316406,235.52999877929688,235.0,235.64999389648438,237.13999938964844,232.5,225.08999633789062,228.5800018310547,229.89999389648438,2020,06,19,Sexta,3,1,0,0,0,0,0,0,1,0,0,0,0,0,0,0,0,0,0,0,0,0,0,0,0,0,0,0,0,0,0,0,0,1,0,0,0,0,0,0,0,0,0,0,0,0,0,0,0,1,0,0,0,1,0
78,238.55999755859375,239.22000122070312,238.7899932861328,237.7899932861328,235.94000244140625,234.99000549316406,235.52999877929688,235.0,235.64999389648438,237.13999938964844,232.5,225.08999633789062,2020,06,22,Segunda,4,1,0,0,0,0,0,0,1,0,0,0,0,0,0,0,0,0,0,0,0,0,0,0,0,0,0,0,0,0,0,0,0,0,0,0,1,0,0,0,0,0,0,0,0,0,0,0,1,0,0,0,0,0,1
79,241.27999877929688,242.24000549316406,239.22000122070312,238.55999755859375,238.7899932861328,237.7899932861328,235.94000244140625,234.99000549316406,235.52999877929688,235.0,235.64999389648438,237.13999938964844,2020,06,23,Terca,4,1,0,0,0,0,0,0,1,0,0,0,0,0,0,0,0,0,0,0,0,0,0,0,0,0,0,0,0,0,0,0,0,0,0,0,0,1,0,0,0,0,0,0,0,0,0,0,0,0,1,0,0,0,1
80,241.1999969482422,234.02000427246094,242.24000549316406,241.27999877929688,239.22000122070312,238.55999755859375,238.7899932861328,237.7899932861328,235.94000244140625,234.99000549316406,235.52999877929688,235.0,2020,06,24,Quarta,4,1,0,0,0,0,0,0,1,0,0,0,0,0,0,0,0,0,0,0,0,0,0,0,0,0,0,0,0,0,0,0,0,0,0,0,0,0,1,0,0,0,0,0,0,0,1,0,0,0,0,0,0,0,1
81,234.6199951171875,235.67999267578125,234.02000427246094,241.1999969482422,242.24000549316406,241.27999877929688,239.22000122070312,238.55999755859375,238.7899932861328,237.7899932861328,235.94000244140625,234.99000549316406,2020,06,25,Quinta,4,1,0,0,0,0,0,0,1,0,0,0,0,0,0,0,0,0,0,0,0,0,0,0,0,0,0,0,0,0,0,0,0,0,0,0,0,0,0,1,0,0,0,0,0,0,0,1,0,0,0,0,0,0,1
82,232.63999938964844,216.0800018310547,235.67999267578125,234.6199951171875,234.02000427246094,241.1999969482422,242.24000549316406,241.27999877929688,239.22000122070312,238.55999755859375,238.7899932861328,237.7899932861328,2020,06,26,Sexta,4,1,0,0,0,0,0,0,1,0,0,0,0,0,0,0,0,0,0,0,0,0,0,0,0,0,0,0,0,0,0,0,0,0,0,0,0,0,0,0,1,0,0,0,0,0,0,0,0,1,0,0,0,0,1
83,209.75,220.63999938964844,216.0800018310547,232.63999938964844,235.67999267578125,234.6199951171875,234.02000427246094,241.1999969482422,242.24000549316406,241.27999877929688,239.22000122070312,238.55999755859375,2020,06,29,Segunda,4,1,0,0,0,0,0,0,1,0,0,0,0,0,0,0,0,0,0,0,0,0,0,0,0,0,0,0,0,0,0,0,0,0,0,0,0,0,0,0,0,0,0,1,0,0,0,0,1,0,0,0,0,0,1
84,220.58999633789062,227.07000732421875,220.63999938964844,209.75,216.0800018310547,232.63999938964844,235.67999267578125,234.6199951171875,234.02000427246094,241.1999969482422,242.24000549316406,241.27999877929688,2020,06,30,Terca,4,1,0,0,0,0,0,0,1,0,0,0,0,0,0,0,0,0,0,0,0,0,0,0,0,0,0,0,0,0,0,0,0,0,0,0,0,0,0,0,0,0,0,0,1,0,0,0,0,0,1,0,0,0,1
85,228.5,237.5500030517578,227.07000732421875,220.58999633789062,220.63999938964844,209.75,216.0800018310547,232.63999938964844,235.67999267578125,234.6199951171875,234.02000427246094,241.1999969482422,2020,07,01,Quarta,1,1,0,0,0,0,0,0,0,1,0,0,0,0,0,1,0,0,0,0,0,0,0,0,0,0,0,0,0,0,0,0,0,0,0,0,0,0,0,0,0,0,0,0,0,0,1,0,0,0,0,1,0,0,0
86,239.0,233.4199981689453,237.5500030517578,228.5,227.07000732421875,220.58999633789062,220.63999938964844,209.75,216.0800018310547,232.63999938964844,235.67999267578125,234.6199951171875,2020,07,02,Quinta,1,1,0,0,0,0,0,0,0,1,0,0,0,0,0,0,1,0,0,0,0,0,0,0,0,0,0,0,0,0,0,0,0,0,0,0,0,0,0,0,0,0,0,0,0,0,0,1,0,0,0,1,0,0,0
87,233.75999450683594,240.27999877929688,233.4199981689453,239.0,237.5500030517578,228.5,227.07000732421875,220.58999633789062,220.63999938964844,209.75,216.0800018310547,232.63999938964844,2020,07,06,Segunda,1,1,0,0,0,0,0,0,0,1,0,0,0,0,0,0,0,0,0,0,1,0,0,0,0,0,0,0,0,0,0,0,0,0,0,0,0,0,0,0,0,0,0,0,0,0,0,0,1,0,0,1,0,0,0
88,239.41000366210938,240.86000061035156,240.27999877929688,233.75999450683594,233.4199981689453,239.0,237.5500030517578,228.5,227.07000732421875,220.58999633789062,220.63999938964844,209.75,2020,07,07,Terca,1,1,0,0,0,0,0,0,0,1,0,0,0,0,0,0,0,0,0,0,0,1,0,0,0,0,0,0,0,0,0,0,0,0,0,0,0,0,0,0,0,0,0,0,0,0,0,0,0,0,1,1,0,0,0
89,238.11000061035156,243.5800018310547,240.86000061035156,239.41000366210938,240.27999877929688,233.75999450683594,233.4199981689453,239.0,237.5500030517578,228.5,227.07000732421875,220.58999633789062,2020,07,08,Quarta,2,1,0,0,0,0,0,0,0,1,0,0,0,0,0,0,0,0,0,0,0,0,1,0,0,0,0,0,0,0,0,0,0,0,0,0,0,0,0,0,0,0,0,0,0,0,1,0,0,0,0,0,1,0,0
90,245.0,244.5,243.5800018310547,238.11000061035156,240.86000061035156,239.41000366210938,240.27999877929688,233.75999450683594,233.4199981689453,239.0,237.5500030517578,228.5,2020,07,09,Quinta,2,1,0,0,0,0,0,0,0,1,0,0,0,0,0,0,0,0,0,0,0,0,0,1,0,0,0,0,0,0,0,0,0,0,0,0,0,0,0,0,0,0,0,0,0,0,0,1,0,0,0,0,1,0,0
91,243.69000244140625,245.07000732421875,244.5,245.0,243.5800018310547,238.11000061035156,240.86000061035156,239.41000366210938,240.27999877929688,233.75999450683594,233.4199981689453,239.0,2020,07,10,Sexta,2,1,0,0,0,0,0,0,0,1,0,0,0,0,0,0,0,0,0,0,0,0,0,0,1,0,0,0,0,0,0,0,0,0,0,0,0,0,0,0,0,0,0,0,0,0,0,0,0,1,0,0,1,0,0
92,247.00999450683594,239.0,245.07000732421875,243.69000244140625,244.5,245.0,243.5800018310547,238.11000061035156,240.86000061035156,239.41000366210938,240.27999877929688,233.75999450683594,2020,07,13,Segunda,2,1,0,0,0,0,0,0,0,1,0,0,0,0,0,0,0,0,0,0,0,0,0,0,0,0,0,1,0,0,0,0,0,0,0,0,0,0,0,0,0,0,0,0,0,0,0,0,1,0,0,0,1,0,0
93,236.75999450683594,239.72999572753906,239.0,247.00999450683594,245.07000732421875,243.69000244140625,244.5,245.0,243.5800018310547,238.11000061035156,240.86000061035156,239.41000366210938,2020,07,14,Terca,2,1,0,0,0,0,0,0,0,1,0,0,0,0,0,0,0,0,0,0,0,0,0,0,0,0,0,0,1,0,0,0,0,0,0,0,0,0,0,0,0,0,0,0,0,0,0,0,0,0,1,0,1,0,0
94,241.5500030517578,240.27999877929688,239.72999572753906,236.75999450683594,239.0,247.00999450683594,245.07000732421875,243.69000244140625,244.5,245.0,243.5800018310547,238.11000061035156,2020,07,15,Quarta,3,1,0,0,0,0,0,0,0,1,0,0,0,0,0,0,0,0,0,0,0,0,0,0,0,0,0,0,0,1,0,0,0,0,0,0,0,0,0,0,0,0,0,0,0,0,1,0,0,0,0,0,0,1,0
95,238.0,240.92999267578125,240.27999877929688,241.5500030517578,239.72999572753906,236.75999450683594,239.0,247.00999450683594,245.07000732421875,243.69000244140625,244.5,245.0,2020,07,16,Quinta,3,1,0,0,0,0,0,0,0,1,0,0,0,0,0,0,0,0,0,0,0,0,0,0,0,0,0,0,0,0,1,0,0,0,0,0,0,0,0,0,0,0,0,0,0,0,0,1,0,0,0,0,0,1,0
96,241.0,242.02999877929688,240.92999267578125,238.0,240.27999877929688,241.5500030517578,239.72999572753906,236.75999450683594,239.0,247.00999450683594,245.07000732421875,243.69000244140625,2020,07,17,Sexta,3,1,0,0,0,0,0,0,0,1,0,0,0,0,0,0,0,0,0,0,0,0,0,0,0,0,0,0,0,0,0,1,0,0,0,0,0,0,0,0,0,0,0,0,0,0,0,0,0,1,0,0,0,1,0
97,240.05999755859375,245.4199981689453,242.02999877929688,241.0,240.92999267578125,238.0,240.27999877929688,241.5500030517578,239.72999572753906,236.75999450683594,239.0,247.00999450683594,2020,07,20,Segunda,3,1,0,0,0,0,0,0,0,1,0,0,0,0,0,0,0,0,0,0,0,0,0,0,0,0,0,0,0,0,0,0,0,0,1,0,0,0,0,0,0,0,0,0,0,0,0,0,1,0,0,0,0,1,0
98,246.22000122070312,241.75,245.4199981689453,240.05999755859375,242.02999877929688,241.0,240.92999267578125,238.0,240.27999877929688,241.5500030517578,239.72999572753906,236.75999450683594,2020,07,21,Terca,4,1,0,0,0,0,0,0,0,1,0,0,0,0,0,0,0,0,0,0,0,0,0,0,0,0,0,0,0,0,0,0,0,0,0,1,0,0,0,0,0,0,0,0,0,0,0,0,0,0,1,0,0,0,1
99,240.25999450683594,239.8699951171875,241.75,246.22000122070312,245.4199981689453,240.05999755859375,242.02999877929688,241.0,240.92999267578125,238.0,240.27999877929688,241.5500030517578,2020,07,22,Quarta,4,1,0,0,0,0,0,0,0,1,0,0,0,0,0,0,0,0,0,0,0,0,0,0,0,0,0,0,0,0,0,0,0,0,0,0,1,0,0,0,0,0,0,0,0,0,1,0,0,0,0,0,0,0,1
100,239.6300048828125,232.60000610351562,239.8699951171875,240.25999450683594,241.75,246.22000122070312,245.4199981689453,240.05999755859375,242.02999877929688,241.0,240.92999267578125,238.0,2020,07,23,Quinta,4,1,0,0,0,0,0,0,0,1,0,0,0,0,0,0,0,0,0,0,0,0,0,0,0,0,0,0,0,0,0,0,0,0,0,0,0,1,0,0,0,0,0,0,0,0,0,1,0,0,0,0,0,0,1
101,230.19000244140625,230.7100067138672,232.60000610351562,239.6300048828125,239.8699951171875,240.25999450683594,241.75,246.22000122070312,245.4199981689453,240.05999755859375,242.02999877929688,241.0,2020,07,24,Sexta,4,1,0,0,0,0,0,0,0,1,0,0,0,0,0,0,0,0,0,0,0,0,0,0,0,0,0,0,0,0,0,0,0,0,0,0,0,0,1,0,0,0,0,0,0,0,0,0,0,1,0,0,0,0,1
102,231.4600067138672,233.5,230.7100067138672,230.19000244140625,232.60000610351562,239.6300048828125,239.8699951171875,240.25999450683594,241.75,246.22000122070312,245.4199981689453,240.05999755859375,2020,07,27,Segunda,4,1,0,0,0,0,0,0,0,1,0,0,0,0,0,0,0,0,0,0,0,0,0,0,0,0,0,0,0,0,0,0,0,0,0,0,0,0,0,0,0,1,0,0,0,0,0,0,1,0,0,0,0,0,1
103,234.6300048828125,230.1199951171875,233.5,231.4600067138672,230.7100067138672,230.19000244140625,232.60000610351562,239.6300048828125,239.8699951171875,240.25999450683594,241.75,246.22000122070312,2020,07,28,Terca,4,1,0,0,0,0,0,0,0,1,0,0,0,0,0,0,0,0,0,0,0,0,0,0,0,0,0,0,0,0,0,0,0,0,0,0,0,0,0,0,0,0,1,0,0,0,0,0,0,0,1,0,0,0,1
104,231.13999938964844,233.2899932861328,230.1199951171875,234.6300048828125,233.5,231.4600067138672,230.7100067138672,230.19000244140625,232.60000610351562,239.6300048828125,239.8699951171875,240.25999450683594,2020,07,29,Quarta,4,1,0,0,0,0,0,0,0,1,0,0,0,0,0,0,0,0,0,0,0,0,0,0,0,0,0,0,0,0,0,0,0,0,0,0,0,0,0,0,0,0,0,1,0,0,1,0,0,0,0,0,0,0,1
105,230.22000122070312,234.5,233.2899932861328,231.13999938964844,230.1199951171875,234.6300048828125,233.5,231.4600067138672,230.7100067138672,230.19000244140625,232.60000610351562,239.6300048828125,2020,07,30,Quinta,4,1,0,0,0,0,0,0,0,1,0,0,0,0,0,0,0,0,0,0,0,0,0,0,0,0,0,0,0,0,0,0,0,0,0,0,0,0,0,0,0,0,0,0,1,0,0,1,0,0,0,0,0,0,1
106,255.82000732421875,253.6699981689453,234.5,230.22000122070312,233.2899932861328,231.13999938964844,230.1199951171875,234.6300048828125,233.5,231.4600067138672,230.7100067138672,230.19000244140625,2020,07,31,Sexta,4,1,0,0,0,0,0,0,0,1,0,0,0,0,0,0,0,0,0,0,0,0,0,0,0,0,0,0,0,0,0,0,0,0,0,0,0,0,0,0,0,0,0,0,0,1,0,0,0,1,0,0,0,0,1
107,252.64999389648438,251.9600067138672,253.6699981689453,255.82000732421875,234.5,230.22000122070312,233.2899932861328,231.13999938964844,230.1199951171875,234.6300048828125,233.5,231.4600067138672,2020,08,03,Segunda,1,1,0,0,0,0,0,0,0,0,1,0,0,0,0,0,0,1,0,0,0,0,0,0,0,0,0,0,0,0,0,0,0,0,0,0,0,0,0,0,0,0,0,0,0,0,0,0,1,0,0,1,0,0,0
108,251.55999755859375,249.8300018310547,251.9600067138672,252.64999389648438,253.6699981689453,255.82000732421875,234.5,230.22000122070312,233.2899932861328,231.13999938964844,230.1199951171875,234.6300048828125,2020,08,04,Terca,1,1,0,0,0,0,0,0,0,0,1,0,0,0,0,0,0,0,1,0,0,0,0,0,0,0,0,0,0,0,0,0,0,0,0,0,0,0,0,0,0,0,0,0,0,0,0,0,0,0,1,1,0,0,0
109,250.19000244140625,249.1199951171875,249.8300018310547,251.55999755859375,251.9600067138672,252.64999389648438,253.6699981689453,255.82000732421875,234.5,230.22000122070312,233.2899932861328,231.13999938964844,2020,08,05,Quarta,1,1,0,0,0,0,0,0,0,0,1,0,0,0,0,0,0,0,0,1,0,0,0,0,0,0,0,0,0,0,0,0,0,0,0,0,0,0,0,0,0,0,0,0,0,0,1,0,0,0,0,1,0,0,0
110,249.0399932861328,265.2799987792969,249.1199951171875,250.19000244140625,249.8300018310547,251.55999755859375,251.9600067138672,252.64999389648438,253.6699981689453,255.82000732421875,234.5,230.22000122070312,2020,08,06,Quinta,1,1,0,0,0,0,0,0,0,0,1,0,0,0,0,0,0,0,0,0,1,0,0,0,0,0,0,0,0,0,0,0,0,0,0,0,0,0,0,0,0,0,0,0,0,0,0,1,0,0,0,1,0,0,0
111,264.0799865722656,268.44000244140625,265.2799987792969,249.0399932861328,249.1199951171875,250.19000244140625,249.8300018310547,251.55999755859375,251.9600067138672,252.64999389648438,253.6699981689453,255.82000732421875,2020,08,07,Sexta,1,1,0,0,0,0,0,0,0,0,1,0,0,0,0,0,0,0,0,0,0,1,0,0,0,0,0,0,0,0,0,0,0,0,0,0,0,0,0,0,0,0,0,0,0,0,0,0,0,1,0,1,0,0,0
112,268.0400085449219,263.0,268.44000244140625,264.0799865722656,265.2799987792969,249.0399932861328,249.1199951171875,250.19000244140625,249.8300018310547,251.55999755859375,251.9600067138672,252.64999389648438,2020,08,10,Segunda,2,1,0,0,0,0,0,0,0,0,1,0,0,0,0,0,0,0,0,0,0,0,0,0,1,0,0,0,0,0,0,0,0,0,0,0,0,0,0,0,0,0,0,0,0,0,0,0,1,0,0,0,1,0,0
113,260.19000244140625,256.1300048828125,263.0,268.0400085449219,268.44000244140625,264.0799865722656,265.2799987792969,249.0399932861328,249.1199951171875,250.19000244140625,249.8300018310547,251.55999755859375,2020,08,11,Terca,2,1,0,0,0,0,0,0,0,0,1,0,0,0,0,0,0,0,0,0,0,0,0,0,0,1,0,0,0,0,0,0,0,0,0,0,0,0,0,0,0,0,0,0,0,0,0,0,0,0,1,0,1,0,0
114,258.9700012207031,259.8900146484375,256.1300048828125,260.19000244140625,263.0,268.0400085449219,268.44000244140625,264.0799865722656,265.2799987792969,249.0399932861328,249.1199951171875,250.19000244140625,2020,08,12,Quarta,2,1,0,0,0,0,0,0,0,0,1,0,0,0,0,0,0,0,0,0,0,0,0,0,0,0,1,0,0,0,0,0,0,0,0,0,0,0,0,0,0,0,0,0,0,0,1,0,0,0,0,0,1,0,0
115,261.54998779296875,261.29998779296875,259.8900146484375,258.9700012207031,256.1300048828125,260.19000244140625,263.0,268.0400085449219,268.44000244140625,264.0799865722656,265.2799987792969,249.0399932861328,2020,08,13,Quinta,2,1,0,0,0,0,0,0,0,0,1,0,0,0,0,0,0,0,0,0,0,0,0,0,0,0,0,1,0,0,0,0,0,0,0,0,0,0,0,0,0,0,0,0,0,0,0,1,0,0,0,0,1,0,0
116,262.30999755859375,261.239990234375,261.29998779296875,261.54998779296875,259.8900146484375,258.9700012207031,256.1300048828125,260.19000244140625,263.0,268.0400085449219,268.44000244140625,264.0799865722656,2020,08,14,Sexta,2,1,0,0,0,0,0,0,0,0,1,0,0,0,0,0,0,0,0,0,0,0,0,0,0,0,0,0,1,0,0,0,0,0,0,0,0,0,0,0,0,0,0,0,0,0,0,0,0,1,0,0,1,0,0
117,262.5,261.1600036621094,261.239990234375,262.30999755859375,261.29998779296875,261.54998779296875,259.8900146484375,258.9700012207031,256.1300048828125,260.19000244140625,263.0,268.0400085449219,2020,08,17,Segunda,3,1,0,0,0,0,0,0,0,0,1,0,0,0,0,0,0,0,0,0,0,0,0,0,0,0,0,0,0,0,0,1,0,0,0,0,0,0,0,0,0,0,0,0,0,0,0,0,1,0,0,0,0,1,0
118,260.95001220703125,262.3399963378906,261.1600036621094,262.5,261.239990234375,262.30999755859375,261.29998779296875,261.54998779296875,259.8900146484375,258.9700012207031,256.1300048828125,260.19000244140625,2020,08,18,Terca,3,1,0,0,0,0,0,0,0,0,1,0,0,0,0,0,0,0,0,0,0,0,0,0,0,0,0,0,0,0,0,0,1,0,0,0,0,0,0,0,0,0,0,0,0,0,0,0,0,0,1,0,0,1,0
119,261.3900146484375,262.5899963378906,262.3399963378906,260.95001220703125,261.1600036621094,262.5,261.239990234375,262.30999755859375,261.29998779296875,261.54998779296875,259.8900146484375,258.9700012207031,2020,08,19,Quarta,3,1,0,0,0,0,0,0,0,0,1,0,0,0,0,0,0,0,0,0,0,0,0,0,0,0,0,0,0,0,0,0,0,1,0,0,0,0,0,0,0,0,0,0,0,0,1,0,0,0,0,0,0,1,0
120,261.5,269.010009765625,262.5899963378906,261.3900146484375,262.3399963378906,260.95001220703125,261.1600036621094,262.5,261.239990234375,262.30999755859375,261.29998779296875,261.54998779296875,2020,08,20,Quinta,3,1,0,0,0,0,0,0,0,0,1,0,0,0,0,0,0,0,0,0,0,0,0,0,0,0,0,0,0,0,0,0,0,0,1,0,0,0,0,0,0,0,0,0,0,0,0,1,0,0,0,0,0,1,0
121,268.69000244140625,267.010009765625,269.010009765625,261.5,262.5899963378906,261.3900146484375,262.3399963378906,260.95001220703125,261.1600036621094,262.5,261.239990234375,262.30999755859375,2020,08,21,Sexta,4,1,0,0,0,0,0,0,0,0,1,0,0,0,0,0,0,0,0,0,0,0,0,0,0,0,0,0,0,0,0,0,0,0,0,1,0,0,0,0,0,0,0,0,0,0,0,0,0,1,0,0,0,0,1
122,271.07000732421875,271.3900146484375,267.010009765625,268.69000244140625,269.010009765625,261.5,262.5899963378906,261.3900146484375,262.3399963378906,260.95001220703125,261.1600036621094,262.5,2020,08,24,Segunda,4,1,0,0,0,0,0,0,0,0,1,0,0,0,0,0,0,0,0,0,0,0,0,0,0,0,0,0,0,0,0,0,0,0,0,0,0,0,1,0,0,0,0,0,0,0,0,0,1,0,0,0,0,0,1
123,272.4100036621094,280.82000732421875,271.3900146484375,271.07000732421875,267.010009765625,268.69000244140625,269.010009765625,261.5,262.5899963378906,261.3900146484375,262.3399963378906,260.95001220703125,2020,08,25,Terca,4,1,0,0,0,0,0,0,0,0,1,0,0,0,0,0,0,0,0,0,0,0,0,0,0,0,0,0,0,0,0,0,0,0,0,0,0,0,0,1,0,0,0,0,0,0,0,0,0,0,1,0,0,0,1
124,284.0,303.9100036621094,280.82000732421875,272.4100036621094,271.3900146484375,271.07000732421875,267.010009765625,268.69000244140625,269.010009765625,261.5,262.5899963378906,261.3900146484375,2020,08,26,Quarta,4,1,0,0,0,0,0,0,0,0,1,0,0,0,0,0,0,0,0,0,0,0,0,0,0,0,0,0,0,0,0,0,0,0,0,0,0,0,0,0,1,0,0,0,0,0,1,0,0,0,0,0,0,0,1
125,300.1600036621094,293.2200012207031,303.9100036621094,284.0,280.82000732421875,272.4100036621094,271.3900146484375,271.07000732421875,267.010009765625,268.69000244140625,269.010009765625,261.5,2020,08,27,Quinta,4,1,0,0,0,0,0,0,0,0,1,0,0,0,0,0,0,0,0,0,0,0,0,0,0,0,0,0,0,0,0,0,0,0,0,0,0,0,0,0,0,1,0,0,0,0,0,1,0,0,0,0,0,0,1
126,295.0,293.6600036621094,293.2200012207031,300.1600036621094,303.9100036621094,284.0,280.82000732421875,272.4100036621094,271.3900146484375,271.07000732421875,267.010009765625,268.69000244140625,2020,08,28,Sexta,4,1,0,0,0,0,0,0,0,0,1,0,0,0,0,0,0,0,0,0,0,0,0,0,0,0,0,0,0,0,0,0,0,0,0,0,0,0,0,0,0,0,1,0,0,0,0,0,0,1,0,0,0,0,1
127,293.95001220703125,293.20001220703125,293.6600036621094,295.0,293.2200012207031,300.1600036621094,303.9100036621094,284.0,280.82000732421875,272.4100036621094,271.3900146484375,271.07000732421875,2020,08,31,Segunda,4,1,0,0,0,0,0,0,0,0,1,0,0,0,0,0,0,0,0,0,0,0,0,0,0,0,0,0,0,0,0,0,0,0,0,0,0,0,0,0,0,0,0,0,0,1,0,0,1,0,0,0,0,0,1
128,294.7099914550781,295.44000244140625,293.20001220703125,293.95001220703125,293.6600036621094,295.0,293.2200012207031,300.1600036621094,303.9100036621094,284.0,280.82000732421875,272.4100036621094,2020,09,01,Terca,1,1,0,0,0,0,0,0,0,0,0,1,0,0,0,1,0,0,0,0,0,0,0,0,0,0,0,0,0,0,0,0,0,0,0,0,0,0,0,0,0,0,0,0,0,0,0,0,0,0,1,1,0,0,0
129,298.8800048828125,302.5,295.44000244140625,294.7099914550781,293.20001220703125,293.95001220703125,293.6600036621094,295.0,293.2200012207031,300.1600036621094,303.9100036621094,284.0,2020,09,02,Quarta,1,1,0,0,0,0,0,0,0,0,0,1,0,0,0,0,1,0,0,0,0,0,0,0,0,0,0,0,0,0,0,0,0,0,0,0,0,0,0,0,0,0,0,0,0,0,1,0,0,0,0,1,0,0,0
130,295.989990234375,291.1199951171875,302.5,298.8800048828125,295.44000244140625,294.7099914550781,293.20001220703125,293.95001220703125,293.6600036621094,295.0,293.2200012207031,300.1600036621094,2020,09,03,Quinta,1,1,0,0,0,0,0,0,0,0,0,1,0,0,0,0,0,1,0,0,0,0,0,0,0,0,0,0,0,0,0,0,0,0,0,0,0,0,0,0,0,0,0,0,0,0,0,1,0,0,0,1,0,0,0
131,287.25,282.7300109863281,291.1199951171875,295.989990234375,302.5,298.8800048828125,295.44000244140625,294.7099914550781,293.20001220703125,293.95001220703125,293.6600036621094,295.0,2020,09,04,Sexta,1,1,0,0,0,0,0,0,0,0,0,1,0,0,0,0,0,0,1,0,0,0,0,0,0,0,0,0,0,0,0,0,0,0,0,0,0,0,0,0,0,0,0,0,0,0,0,0,0,1,0,1,0,0,0
132,271.2799987792969,271.1600036621094,282.7300109863281,287.25,291.1199951171875,295.989990234375,302.5,298.8800048828125,295.44000244140625,294.7099914550781,293.20001220703125,293.95001220703125,2020,09,08,Terca,2,1,0,0,0,0,0,0,0,0,0,1,0,0,0,0,0,0,0,0,0,0,1,0,0,0,0,0,0,0,0,0,0,0,0,0,0,0,0,0,0,0,0,0,0,0,0,0,0,0,1,0,1,0,0
133,275.7699890136719,273.7200012207031,271.1600036621094,271.2799987792969,282.7300109863281,287.25,291.1199951171875,295.989990234375,302.5,298.8800048828125,295.44000244140625,294.7099914550781,2020,09,09,Quarta,2,1,0,0,0,0,0,0,0,0,0,1,0,0,0,0,0,0,0,0,0,0,0,1,0,0,0,0,0,0,0,0,0,0,0,0,0,0,0,0,0,0,0,0,0,0,1,0,0,0,0,0,1,0,0
134,275.510009765625,268.0899963378906,273.7200012207031,275.7699890136719,271.1600036621094,271.2799987792969,282.7300109863281,287.25,291.1199951171875,295.989990234375,302.5,298.8800048828125,2020,09,10,Quinta,2,1,0,0,0,0,0,0,0,0,0,1,0,0,0,0,0,0,0,0,0,0,0,0,1,0,0,0,0,0,0,0,0,0,0,0,0,0,0,0,0,0,0,0,0,0,0,1,0,0,0,0,1,0,0
135,270.05999755859375,266.6099853515625,268.0899963378906,275.510009765625,273.7200012207031,275.7699890136719,271.1600036621094,271.2799987792969,282.7300109863281,287.25,291.1199951171875,295.989990234375,2020,09,11,Sexta,2,1,0,0,0,0,0,0,0,0,0,1,0,0,0,0,0,0,0,0,0,0,0,0,0,1,0,0,0,0,0,0,0,0,0,0,0,0,0,0,0,0,0,0,0,0,0,0,0,1,0,0,1,0,0
136,270.95001220703125,266.1499938964844,266.6099853515625,270.05999755859375,268.0899963378906,275.510009765625,273.7200012207031,275.7699890136719,271.1600036621094,271.2799987792969,282.7300109863281,287.25,2020,09,14,Segunda,2,1,0,0,0,0,0,0,0,0,0,1,0,0,0,0,0,0,0,0,0,0,0,0,0,0,0,0,1,0,0,0,0,0,0,0,0,0,0,0,0,0,0,0,0,0,0,0,1,0,0,0,1,0,0
137,270.6700134277344,272.4200134277344,266.1499938964844,270.95001220703125,266.6099853515625,270.05999755859375,268.0899963378906,275.510009765625,273.7200012207031,275.7699890136719,271.1600036621094,271.2799987792969,2020,09,15,Terca,3,1,0,0,0,0,0,0,0,0,0,1,0,0,0,0,0,0,0,0,0,0,0,0,0,0,0,0,0,1,0,0,0,0,0,0,0,0,0,0,0,0,0,0,0,0,0,0,0,0,1,0,0,1,0
138,267.2900085449219,263.5199890136719,272.4200134277344,270.6700134277344,266.1499938964844,270.95001220703125,266.6099853515625,270.05999755859375,268.0899963378906,275.510009765625,273.7200012207031,275.7699890136719,2020,09,16,Quarta,3,1,0,0,0,0,0,0,0,0,0,1,0,0,0,0,0,0,0,0,0,0,0,0,0,0,0,0,0,0,1,0,0,0,0,0,0,0,0,0,0,0,0,0,0,0,1,0,0,0,0,0,0,1,0
139,258.2799987792969,254.82000732421875,263.5199890136719,267.2900085449219,272.4200134277344,270.6700134277344,266.1499938964844,270.95001220703125,266.6099853515625,270.05999755859375,268.0899963378906,275.510009765625,2020,09,17,Quinta,3,1,0,0,0,0,0,0,0,0,0,1,0,0,0,0,0,0,0,0,0,0,0,0,0,0,0,0,0,0,0,1,0,0,0,0,0,0,0,0,0,0,0,0,0,0,0,1,0,0,0,0,0,1,0
140,258.3999938964844,252.52999877929688,254.82000732421875,258.2799987792969,263.5199890136719,267.2900085449219,272.4200134277344,270.6700134277344,266.1499938964844,270.95001220703125,266.6099853515625,270.05999755859375,2020,09,18,Sexta,3,1,0,0,0,0,0,0,0,0,0,1,0,0,0,0,0,0,0,0,0,0,0,0,0,0,0,0,0,0,0,0,1,0,0,0,0,0,0,0,0,0,0,0,0,0,0,0,0,1,0,0,0,1,0
141,247.5399932861328,248.14999389648438,252.52999877929688,258.3999938964844,254.82000732421875,258.2799987792969,263.5199890136719,267.2900085449219,272.4200134277344,270.6700134277344,266.1499938964844,270.95001220703125,2020,09,21,Segunda,4,1,0,0,0,0,0,0,0,0,0,1,0,0,0,0,0,0,0,0,0,0,0,0,0,0,0,0,0,0,0,0,0,0,0,1,0,0,0,0,0,0,0,0,0,0,0,0,1,0,0,0,0,0,1
142,253.30999755859375,254.75,248.14999389648438,247.5399932861328,252.52999877929688,258.3999938964844,254.82000732421875,258.2799987792969,263.5199890136719,267.2900085449219,272.4200134277344,270.6700134277344,2020,09,22,Terca,4,1,0,0,0,0,0,0,0,0,0,1,0,0,0,0,0,0,0,0,0,0,0,0,0,0,0,0,0,0,0,0,0,0,0,0,1,0,0,0,0,0,0,0,0,0,0,0,0,0,1,0,0,0,1
143,255.25999450683594,249.02000427246094,254.75,253.30999755859375,248.14999389648438,247.5399932861328,252.52999877929688,258.3999938964844,254.82000732421875,258.2799987792969,263.5199890136719,267.2900085449219,2020,09,23,Quarta,4,1,0,0,0,0,0,0,0,0,0,1,0,0,0,0,0,0,0,0,0,0,0,0,0,0,0,0,0,0,0,0,0,0,0,0,0,1,0,0,0,0,0,0,0,0,1,0,0,0,0,0,0,0,1
144,246.5,249.52999877929688,249.02000427246094,255.25999450683594,254.75,253.30999755859375,248.14999389648438,247.5399932861328,252.52999877929688,258.3999938964844,254.82000732421875,258.2799987792969,2020,09,24,Quinta,4,1,0,0,0,0,0,0,0,0,0,1,0,0,0,0,0,0,0,0,0,0,0,0,0,0,0,0,0,0,0,0,0,0,0,0,0,0,1,0,0,0,0,0,0,0,0,1,0,0,0,0,0,0,1
145,249.39999389648438,254.82000732421875,249.52999877929688,246.5,249.02000427246094,255.25999450683594,254.75,253.30999755859375,248.14999389648438,247.5399932861328,252.52999877929688,258.3999938964844,2020,09,25,Sexta,4,1,0,0,0,0,0,0,0,0,0,1,0,0,0,0,0,0,0,0,0,0,0,0,0,0,0,0,0,0,0,0,0,0,0,0,0,0,0,1,0,0,0,0,0,0,0,0,0,1,0,0,0,0,1
146,259.3999938964844,256.82000732421875,254.82000732421875,249.39999389648438,249.52999877929688,246.5,249.02000427246094,255.25999450683594,254.75,253.30999755859375,248.14999389648438,247.5399932861328,2020,09,28,Segunda,4,1,0,0,0,0,0,0,0,0,0,1,0,0,0,0,0,0,0,0,0,0,0,0,0,0,0,0,0,0,0,0,0,0,0,0,0,0,0,0,0,0,1,0,0,0,0,0,1,0,0,0,0,0,1
147,257.80999755859375,261.7900085449219,256.82000732421875,259.3999938964844,254.82000732421875,249.39999389648438,249.52999877929688,246.5,249.02000427246094,255.25999450683594,254.75,253.30999755859375,2020,09,29,Terca,4,1,0,0,0,0,0,0,0,0,0,1,0,0,0,0,0,0,0,0,0,0,0,0,0,0,0,0,0,0,0,0,0,0,0,0,0,0,0,0,0,0,0,1,0,0,0,0,0,0,1,0,0,0,1
148,261.9800109863281,261.8999938964844,261.7900085449219,257.80999755859375,256.82000732421875,259.3999938964844,254.82000732421875,249.39999389648438,249.52999877929688,246.5,249.02000427246094,255.25999450683594,2020,09,30,Quarta,4,1,0,0,0,0,0,0,0,0,0,1,0,0,0,0,0,0,0,0,0,0,0,0,0,0,0,0,0,0,0,0,0,0,0,0,0,0,0,0,0,0,0,0,1,0,1,0,0,0,0,0,0,0,1
149,265.3500061035156,266.6300048828125,261.8999938964844,261.9800109863281,261.7900085449219,257.80999755859375,256.82000732421875,259.3999938964844,254.82000732421875,249.39999389648438,249.52999877929688,246.5,2020,10,01,Quinta,1,1,0,0,0,0,0,0,0,0,0,0,1,0,0,1,0,0,0,0,0,0,0,0,0,0,0,0,0,0,0,0,0,0,0,0,0,0,0,0,0,0,0,0,0,0,0,1,0,0,0,1,0,0,0
150,261.2099914550781,259.94000244140625,266.6300048828125,265.3500061035156,261.8999938964844,261.9800109863281,261.7900085449219,257.80999755859375,256.82000732421875,259.3999938964844,254.82000732421875,249.39999389648438,2020,10,02,Sexta,1,1,0,0,0,0,0,0,0,0,0,0,1,0,0,0,1,0,0,0,0,0,0,0,0,0,0,0,0,0,0,0,0,0,0,0,0,0,0,0,0,0,0,0,0,0,0,0,0,1,0,1,0,0,0
151,262.20001220703125,264.6499938964844,259.94000244140625,261.2099914550781,266.6300048828125,265.3500061035156,261.8999938964844,261.9800109863281,261.7900085449219,257.80999755859375,256.82000732421875,259.3999938964844,2020,10,05,Segunda,1,1,0,0,0,0,0,0,0,0,0,0,1,0,0,0,0,0,0,1,0,0,0,0,0,0,0,0,0,0,0,0,0,0,0,0,0,0,0,0,0,0,0,0,0,0,0,0,1,0,0,1,0,0,0
152,261.7799987792969,258.6600036621094,264.6499938964844,262.20001220703125,259.94000244140625,261.2099914550781,266.6300048828125,265.3500061035156,261.8999938964844,261.9800109863281,261.7900085449219,257.80999755859375,2020,10,06,Terca,1,1,0,0,0,0,0,0,0,0,0,0,1,0,0,0,0,0,0,0,1,0,0,0,0,0,0,0,0,0,0,0,0,0,0,0,0,0,0,0,0,0,0,0,0,0,0,0,0,0,1,1,0,0,0
153,259.2099914550781,258.1199951171875,258.6600036621094,261.7799987792969,264.6499938964844,262.20001220703125,259.94000244140625,261.2099914550781,266.6300048828125,265.3500061035156,261.8999938964844,261.9800109863281,2020,10,07,Quarta,1,1,0,0,0,0,0,0,0,0,0,0,1,0,0,0,0,0,0,0,0,1,0,0,0,0,0,0,0,0,0,0,0,0,0,0,0,0,0,0,0,0,0,0,0,0,1,0,0,0,0,1,0,0,0
154,259.75,263.760009765625,258.1199951171875,259.2099914550781,258.6600036621094,261.7799987792969,264.6499938964844,262.20001220703125,259.94000244140625,261.2099914550781,266.6300048828125,265.3500061035156,2020,10,08,Quinta,2,1,0,0,0,0,0,0,0,0,0,0,1,0,0,0,0,0,0,0,0,0,1,0,0,0,0,0,0,0,0,0,0,0,0,0,0,0,0,0,0,0,0,0,0,0,0,1,0,0,0,0,1,0,0
155,264.5199890136719,264.45001220703125,263.760009765625,259.75,258.1199951171875,259.2099914550781,258.6600036621094,261.7799987792969,264.6499938964844,262.20001220703125,259.94000244140625,261.2099914550781,2020,10,09,Sexta,2,1,0,0,0,0,0,0,0,0,0,0,1,0,0,0,0,0,0,0,0,0,0,1,0,0,0,0,0,0,0,0,0,0,0,0,0,0,0,0,0,0,0,0,0,0,0,0,0,1,0,0,1,0,0
156,270.20001220703125,275.75,264.45001220703125,264.5199890136719,263.760009765625,259.75,258.1199951171875,259.2099914550781,258.6600036621094,261.7799987792969,264.6499938964844,262.20001220703125,2020,10,12,Segunda,2,1,0,0,0,0,0,0,0,0,0,0,1,0,0,0,0,0,0,0,0,0,0,0,0,0,1,0,0,0,0,0,0,0,0,0,0,0,0,0,0,0,0,0,0,0,0,0,1,0,0,0,1,0,0
157,277.5799865722656,276.1400146484375,275.75,270.20001220703125,264.45001220703125,264.5199890136719,263.760009765625,259.75,258.1199951171875,259.2099914550781,258.6600036621094,261.7799987792969,2020,10,13,Terca,2,1,0,0,0,0,0,0,0,0,0,0,1,0,0,0,0,0,0,0,0,0,0,0,0,0,0,1,0,0,0,0,0,0,0,0,0,0,0,0,0,0,0,0,0,0,0,0,0,0,1,0,1,0,0
158,277.6199951171875,271.82000732421875,276.1400146484375,277.5799865722656,275.75,270.20001220703125,264.45001220703125,264.5199890136719,263.760009765625,259.75,258.1199951171875,259.2099914550781,2020,10,14,Quarta,2,1,0,0,0,0,0,0,0,0,0,0,1,0,0,0,0,0,0,0,0,0,0,0,0,0,0,0,1,0,0,0,0,0,0,0,0,0,0,0,0,0,0,0,0,0,1,0,0,0,0,0,1,0,0
159,267.6000061035156,266.7200012207031,271.82000732421875,277.6199951171875,276.1400146484375,277.5799865722656,275.75,270.20001220703125,264.45001220703125,264.5199890136719,263.760009765625,259.75,2020,10,15,Quinta,3,1,0,0,0,0,0,0,0,0,0,0,1,0,0,0,0,0,0,0,0,0,0,0,0,0,0,0,0,1,0,0,0,0,0,0,0,0,0,0,0,0,0,0,0,0,0,1,0,0,0,0,0,1,0
160,267.3800048828125,265.92999267578125,266.7200012207031,267.6000061035156,271.82000732421875,277.6199951171875,276.1400146484375,277.5799865722656,275.75,270.20001220703125,264.45001220703125,264.5199890136719,2020,10,16,Sexta,3,1,0,0,0,0,0,0,0,0,0,0,1,0,0,0,0,0,0,0,0,0,0,0,0,0,0,0,0,0,1,0,0,0,0,0,0,0,0,0,0,0,0,0,0,0,0,0,0,1,0,0,0,1,0
161,265.5299987792969,261.3999938964844,265.92999267578125,267.3800048828125,266.7200012207031,267.6000061035156,271.82000732421875,277.6199951171875,276.1400146484375,277.5799865722656,275.75,270.20001220703125,2020,10,19,Segunda,3,1,0,0,0,0,0,0,0,0,0,0,1,0,0,0,0,0,0,0,0,0,0,0,0,0,0,0,0,0,0,0,0,1,0,0,0,0,0,0,0,0,0,0,0,0,0,0,1,0,0,0,0,1,0
162,263.05999755859375,267.55999755859375,261.3999938964844,265.5299987792969,265.92999267578125,267.3800048828125,266.7200012207031,267.6000061035156,271.82000732421875,277.6199951171875,276.1400146484375,277.5799865722656,2020,10,20,Terca,3,1,0,0,0,0,0,0,0,0,0,0,1,0,0,0,0,0,0,0,0,0,0,0,0,0,0,0,0,0,0,0,0,0,1,0,0,0,0,0,0,0,0,0,0,0,0,0,0,0,1,0,0,1,0
163,279.55999755859375,278.7300109863281,267.55999755859375,263.05999755859375,261.3999938964844,265.5299987792969,265.92999267578125,267.3800048828125,266.7200012207031,267.6000061035156,271.82000732421875,277.6199951171875,2020,10,21,Quarta,4,1,0,0,0,0,0,0,0,0,0,0,1,0,0,0,0,0,0,0,0,0,0,0,0,0,0,0,0,0,0,0,0,0,0,1,0,0,0,0,0,0,0,0,0,0,1,0,0,0,0,0,0,0,1
164,279.8699951171875,278.1199951171875,278.7300109863281,279.55999755859375,267.55999755859375,263.05999755859375,261.3999938964844,265.5299987792969,265.92999267578125,267.3800048828125,266.7200012207031,267.6000061035156,2020,10,22,Quinta,4,1,0,0,0,0,0,0,0,0,0,0,1,0,0,0,0,0,0,0,0,0,0,0,0,0,0,0,0,0,0,0,0,0,0,0,1,0,0,0,0,0,0,0,0,0,0,1,0,0,0,0,0,0,1
165,278.79998779296875,284.7900085449219,278.1199951171875,279.8699951171875,278.7300109863281,279.55999755859375,267.55999755859375,263.05999755859375,261.3999938964844,265.5299987792969,265.92999267578125,267.3800048828125,2020,10,23,Sexta,4,1,0,0,0,0,0,0,0,0,0,0,1,0,0,0,0,0,0,0,0,0,0,0,0,0,0,0,0,0,0,0,0,0,0,0,0,1,0,0,0,0,0,0,0,0,0,0,0,1,0,0,0,0,1
166,283.1600036621094,277.1099853515625,284.7900085449219,278.79998779296875,278.1199951171875,279.8699951171875,278.7300109863281,279.55999755859375,267.55999755859375,263.05999755859375,261.3999938964844,265.5299987792969,2020,10,26,Segunda,4,1,0,0,0,0,0,0,0,0,0,0,1,0,0,0,0,0,0,0,0,0,0,0,0,0,0,0,0,0,0,0,0,0,0,0,0,0,0,0,1,0,0,0,0,0,0,0,1,0,0,0,0,0,1
167,278.760009765625,283.2900085449219,277.1099853515625,283.1600036621094,284.7900085449219,278.79998779296875,278.1199951171875,279.8699951171875,278.7300109863281,279.55999755859375,267.55999755859375,263.05999755859375,2020,10,27,Terca,4,1,0,0,0,0,0,0,0,0,0,0,1,0,0,0,0,0,0,0,0,0,0,0,0,0,0,0,0,0,0,0,0,0,0,0,0,0,0,0,0,1,0,0,0,0,0,0,0,0,1,0,0,0,1
168,278.7900085449219,267.6700134277344,283.2900085449219,278.760009765625,277.1099853515625,283.1600036621094,284.7900085449219,278.79998779296875,278.1199951171875,279.8699951171875,278.7300109863281,279.55999755859375,2020,10,28,Quarta,4,1,0,0,0,0,0,0,0,0,0,0,1,0,0,0,0,0,0,0,0,0,0,0,0,0,0,0,0,0,0,0,0,0,0,0,0,0,0,0,0,0,1,0,0,0,1,0,0,0,0,0,0,0,1
169,276.54998779296875,280.8299865722656,267.6700134277344,278.7900085449219,283.2900085449219,278.760009765625,277.1099853515625,283.1600036621094,284.7900085449219,278.79998779296875,278.1199951171875,279.8699951171875,2020,10,29,Quinta,4,1,0,0,0,0,0,0,0,0,0,0,1,0,0,0,0,0,0,0,0,0,0,0,0,0,0,0,0,0,0,0,0,0,0,0,0,0,0,0,0,0,0,1,0,0,0,1,0,0,0,0,0,0,1
170,274.5,263.1099853515625,280.8299865722656,276.54998779296875,267.6700134277344,278.7900085449219,283.2900085449219,278.760009765625,277.1099853515625,283.1600036621094,284.7900085449219,278.79998779296875,2020,10,30,Sexta,4,1,0,0,0,0,0,0,0,0,0,0,1,0,0,0,0,0,0,0,0,0,0,0,0,0,0,0,0,0,0,0,0,0,0,0,0,0,0,0,0,0,0,0,1,0,0,0,0,1,0,0,0,0,1
171,264.6000061035156,261.3599853515625,263.1099853515625,274.5,280.8299865722656,276.54998779296875,267.6700134277344,278.7900085449219,283.2900085449219,278.760009765625,277.1099853515625,283.1600036621094,2020,11,02,Segunda,1,1,0,0,0,0,0,0,0,0,0,0,0,1,0,0,1,0,0,0,0,0,0,0,0,0,0,0,0,0,0,0,0,0,0,0,0,0,0,0,0,0,0,0,0,0,0,0,1,0,0,1,0,0,0
172,263.1600036621094,265.29998779296875,261.3599853515625,264.6000061035156,263.1099853515625,274.5,280.8299865722656,276.54998779296875,267.6700134277344,278.7900085449219,283.2900085449219,278.760009765625,2020,11,03,Terca,1,1,0,0,0,0,0,0,0,0,0,0,0,1,0,0,0,1,0,0,0,0,0,0,0,0,0,0,0,0,0,0,0,0,0,0,0,0,0,0,0,0,0,0,0,0,0,0,0,0,1,1,0,0,0
173,281.0,287.3800048828125,265.29998779296875,263.1600036621094,261.3599853515625,264.6000061035156,263.1099853515625,274.5,280.8299865722656,276.54998779296875,267.6700134277344,278.7900085449219,2020,11,04,Quarta,1,1,0,0,0,0,0,0,0,0,0,0,0,1,0,0,0,0,1,0,0,0,0,0,0,0,0,0,0,0,0,0,0,0,0,0,0,0,0,0,0,0,0,0,0,0,1,0,0,0,0,1,0,0,0
174,291.8999938964844,294.67999267578125,287.3800048828125,281.0,265.29998779296875,263.1600036621094,261.3599853515625,264.6000061035156,263.1099853515625,274.5,280.8299865722656,276.54998779296875,2020,11,05,Quinta,1,1,0,0,0,0,0,0,0,0,0,0,0,1,0,0,0,0,0,1,0,0,0,0,0,0,0,0,0,0,0,0,0,0,0,0,0,0,0,0,0,0,0,0,0,0,0,1,0,0,0,1,0,0,0
175,293.95001220703125,293.4100036621094,294.67999267578125,291.8999938964844,287.3800048828125,281.0,265.29998779296875,263.1600036621094,261.3599853515625,264.6000061035156,263.1099853515625,274.5,2020,11,06,Sexta,1,1,0,0,0,0,0,0,0,0,0,0,0,1,0,0,0,0,0,0,1,0,0,0,0,0,0,0,0,0,0,0,0,0,0,0,0,0,0,0,0,0,0,0,0,0,0,0,0,1,0,1,0,0,0
176,289.8699951171875,278.7699890136719,293.4100036621094,293.95001220703125,294.67999267578125,291.8999938964844,287.3800048828125,281.0,265.29998779296875,263.1600036621094,261.3599853515625,264.6000061035156,2020,11,09,Segunda,2,1,0,0,0,0,0,0,0,0,0,0,0,1,0,0,0,0,0,0,0,0,0,1,0,0,0,0,0,0,0,0,0,0,0,0,0,0,0,0,0,0,0,0,0,0,0,0,1,0,0,0,1,0,0
177,273.1000061035156,272.42999267578125,278.7699890136719,289.8699951171875,293.4100036621094,293.95001220703125,294.67999267578125,291.8999938964844,287.3800048828125,281.0,265.29998779296875,263.1600036621094,2020,11,10,Terca,2,1,0,0,0,0,0,0,0,0,0,0,0,1,0,0,0,0,0,0,0,0,0,0,1,0,0,0,0,0,0,0,0,0,0,0,0,0,0,0,0,0,0,0,0,0,0,0,0,0,1,0,1,0,0
178,273.4700012207031,276.4800109863281,272.42999267578125,273.1000061035156,278.7699890136719,289.8699951171875,293.4100036621094,293.95001220703125,294.67999267578125,291.8999938964844,287.3800048828125,281.0,2020,11,11,Quarta,2,1,0,0,0,0,0,0,0,0,0,0,0,1,0,0,0,0,0,0,0,0,0,0,0,1,0,0,0,0,0,0,0,0,0,0,0,0,0,0,0,0,0,0,0,0,1,0,0,0,0,0,1,0,0
179,277.17999267578125,275.0799865722656,276.4800109863281,273.4700012207031,272.42999267578125,273.1000061035156,278.7699890136719,289.8699951171875,293.4100036621094,293.95001220703125,294.67999267578125,291.8999938964844,2020,11,12,Quinta,2,1,0,0,0,0,0,0,0,0,0,0,0,1,0,0,0,0,0,0,0,0,0,0,0,0,1,0,0,0,0,0,0,0,0,0,0,0,0,0,0,0,0,0,0,0,0,1,0,0,0,0,1,0,0
180,277.7200012207031,276.95001220703125,275.0799865722656,277.17999267578125,276.4800109863281,273.4700012207031,272.42999267578125,273.1000061035156,278.7699890136719,289.8699951171875,293.4100036621094,293.95001220703125,2020,11,13,Sexta,2,1,0,0,0,0,0,0,0,0,0,0,0,1,0,0,0,0,0,0,0,0,0,0,0,0,0,1,0,0,0,0,0,0,0,0,0,0,0,0,0,0,0,0,0,0,0,0,0,1,0,0,1,0,0
181,275.04998779296875,278.9599914550781,276.95001220703125,277.7200012207031,275.0799865722656,277.17999267578125,276.4800109863281,273.4700012207031,272.42999267578125,273.1000061035156,278.7699890136719,289.8699951171875,2020,11,16,Segunda,3,1,0,0,0,0,0,0,0,0,0,0,0,1,0,0,0,0,0,0,0,0,0,0,0,0,0,0,0,0,1,0,0,0,0,0,0,0,0,0,0,0,0,0,0,0,0,0,1,0,0,0,0,1,0
182,277.67999267578125,275.0,278.9599914550781,275.04998779296875,276.95001220703125,277.7200012207031,275.0799865722656,277.17999267578125,276.4800109863281,273.4700012207031,272.42999267578125,273.1000061035156,2020,11,17,Terca,3,1,0,0,0,0,0,0,0,0,0,0,0,1,0,0,0,0,0,0,0,0,0,0,0,0,0,0,0,0,0,1,0,0,0,0,0,0,0,0,0,0,0,0,0,0,0,0,0,0,1,0,0,1,0
183,274.5199890136719,271.9700012207031,275.0,277.67999267578125,278.9599914550781,275.04998779296875,276.95001220703125,277.7200012207031,275.0799865722656,277.17999267578125,276.4800109863281,273.4700012207031,2020,11,18,Quarta,3,1,0,0,0,0,0,0,0,0,0,0,0,1,0,0,0,0,0,0,0,0,0,0,0,0,0,0,0,0,0,0,1,0,0,0,0,0,0,0,0,0,0,0,0,0,1,0,0,0,0,0,0,1,0
184,271.0199890136719,272.94000244140625,271.9700012207031,274.5199890136719,275.0,277.67999267578125,278.9599914550781,275.04998779296875,276.95001220703125,277.7200012207031,275.0799865722656,277.17999267578125,2020,11,19,Quinta,3,1,0,0,0,0,0,0,0,0,0,0,0,1,0,0,0,0,0,0,0,0,0,0,0,0,0,0,0,0,0,0,0,1,0,0,0,0,0,0,0,0,0,0,0,0,0,1,0,0,0,0,0,1,0
185,272.55999755859375,269.70001220703125,272.94000244140625,271.0199890136719,271.9700012207031,274.5199890136719,275.0,277.67999267578125,278.9599914550781,275.04998779296875,276.95001220703125,277.7200012207031,2020,11,20,Sexta,3,1,0,0,0,0,0,0,0,0,0,0,0,1,0,0,0,0,0,0,0,0,0,0,0,0,0,0,0,0,0,0,0,0,1,0,0,0,0,0,0,0,0,0,0,0,0,0,0,1,0,0,0,1,0
186,270.8900146484375,268.42999267578125,269.70001220703125,272.55999755859375,272.94000244140625,271.0199890136719,271.9700012207031,274.5199890136719,275.0,277.67999267578125,278.9599914550781,275.04998779296875,2020,11,23,Segunda,4,1,0,0,0,0,0,0,0,0,0,0,0,1,0,0,0,0,0,0,0,0,0,0,0,0,0,0,0,0,0,0,0,0,0,0,0,1,0,0,0,0,0,0,0,0,0,0,1,0,0,0,0,0,1
187,268.489990234375,276.9200134277344,268.42999267578125,270.8900146484375,269.70001220703125,272.55999755859375,272.94000244140625,271.0199890136719,271.9700012207031,274.5199890136719,275.0,277.67999267578125,2020,11,24,Terca,4,1,0,0,0,0,0,0,0,0,0,0,0,1,0,0,0,0,0,0,0,0,0,0,0,0,0,0,0,0,0,0,0,0,0,0,0,0,1,0,0,0,0,0,0,0,0,0,0,0,1,0,0,0,1
188,278.1400146484375,275.5899963378906,276.9200134277344,268.489990234375,268.42999267578125,270.8900146484375,269.70001220703125,272.55999755859375,272.94000244140625,271.0199890136719,271.9700012207031,274.5199890136719,2020,11,25,Quarta,4,1,0,0,0,0,0,0,0,0,0,0,0,1,0,0,0,0,0,0,0,0,0,0,0,0,0,0,0,0,0,0,0,0,0,0,0,0,0,1,0,0,0,0,0,0,1,0,0,0,0,0,0,0,1
189,277.3900146484375,277.80999755859375,275.5899963378906,278.1400146484375,276.9200134277344,268.489990234375,268.42999267578125,270.8900146484375,269.70001220703125,272.55999755859375,272.94000244140625,271.0199890136719,2020,11,27,Sexta,4,1,0,0,0,0,0,0,0,0,0,0,0,1,0,0,0,0,0,0,0,0,0,0,0,0,0,0,0,0,0,0,0,0,0,0,0,0,0,0,0,1,0,0,0,0,0,0,0,1,0,0,0,0,1
190,276.0299987792969,276.9700012207031,277.80999755859375,277.3900146484375,275.5899963378906,278.1400146484375,276.9200134277344,268.489990234375,268.42999267578125,270.8900146484375,269.70001220703125,272.55999755859375,2020,11,30,Segunda,4,1,0,0,0,0,0,0,0,0,0,0,0,1,0,0,0,0,0,0,0,0,0,0,0,0,0,0,0,0,0,0,0,0,0,0,0,0,0,0,0,0,0,0,1,0,0,0,1,0,0,0,0,0,1
191,279.1600036621094,286.54998779296875,276.9700012207031,276.0299987792969,277.80999755859375,277.3900146484375,275.5899963378906,278.1400146484375,276.9200134277344,268.489990234375,268.42999267578125,270.8900146484375,2020,12,01,Terca,1,1,0,0,0,0,0,0,0,0,0,0,0,0,1,1,0,0,0,0,0,0,0,0,0,0,0,0,0,0,0,0,0,0,0,0,0,0,0,0,0,0,0,0,0,0,0,0,0,0,1,1,0,0,0
192,285.3599853515625,287.5199890136719,286.54998779296875,279.1600036621094,276.9700012207031,276.0299987792969,277.80999755859375,277.3900146484375,275.5899963378906,278.1400146484375,276.9200134277344,268.489990234375,2020,12,02,Quarta,1,1,0,0,0,0,0,0,0,0,0,0,0,0,1,0,1,0,0,0,0,0,0,0,0,0,0,0,0,0,0,0,0,0,0,0,0,0,0,0,0,0,0,0,0,0,1,0,0,0,0,1,0,0,0
193,286.25,281.8500061035156,287.5199890136719,285.3599853515625,286.54998779296875,279.1600036621094,276.9700012207031,276.0299987792969,277.80999755859375,277.3900146484375,275.5899963378906,278.1400146484375,2020,12,03,Quinta,1,1,0,0,0,0,0,0,0,0,0,0,0,0,1,0,0,1,0,0,0,0,0,0,0,0,0,0,0,0,0,0,0,0,0,0,0,0,0,0,0,0,0,0,0,0,0,1,0,0,0,1,0,0,0
194,280.29998779296875,279.70001220703125,281.8500061035156,286.25,287.5199890136719,285.3599853515625,286.54998779296875,279.1600036621094,276.9700012207031,276.0299987792969,277.80999755859375,277.3900146484375,2020,12,04,Sexta,1,1,0,0,0,0,0,0,0,0,0,0,0,0,1,0,0,0,1,0,0,0,0,0,0,0,0,0,0,0,0,0,0,0,0,0,0,0,0,0,0,0,0,0,0,0,0,0,0,1,0,1,0,0,0
195,279.19000244140625,285.5799865722656,279.70001220703125,280.29998779296875,281.8500061035156,286.25,287.5199890136719,285.3599853515625,286.54998779296875,279.1600036621094,276.9700012207031,276.0299987792969,2020,12,07,Segunda,1,1,0,0,0,0,0,0,0,0,0,0,0,0,1,0,0,0,0,0,0,1,0,0,0,0,0,0,0,0,0,0,0,0,0,0,0,0,0,0,0,0,0,0,0,0,0,0,1,0,0,1,0,0,0
196,286.010009765625,283.3999938964844,285.5799865722656,279.19000244140625,279.70001220703125,280.29998779296875,281.8500061035156,286.25,287.5199890136719,285.3599853515625,286.54998779296875,279.1600036621094,2020,12,08,Terca,2,1,0,0,0,0,0,0,0,0,0,0,0,0,1,0,0,0,0,0,0,0,1,0,0,0,0,0,0,0,0,0,0,0,0,0,0,0,0,0,0,0,0,0,0,0,0,0,0,0,1,0,1,0,0
197,283.6600036621094,277.9200134277344,283.3999938964844,286.010009765625,285.5799865722656,279.19000244140625,279.70001220703125,280.29998779296875,281.8500061035156,286.25,287.5199890136719,285.3599853515625,2020,12,09,Quarta,2,1,0,0,0,0,0,0,0,0,0,0,0,0,1,0,0,0,0,0,0,0,0,1,0,0,0,0,0,0,0,0,0,0,0,0,0,0,0,0,0,0,0,0,0,0,1,0,0,0,0,0,1,0,0
198,275.5400085449219,277.1199951171875,277.9200134277344,283.6600036621094,283.3999938964844,286.010009765625,285.5799865722656,279.19000244140625,279.70001220703125,280.29998779296875,281.8500061035156,286.25,2020,12,10,Quinta,2,1,0,0,0,0,0,0,0,0,0,0,0,0,1,0,0,0,0,0,0,0,0,0,1,0,0,0,0,0,0,0,0,0,0,0,0,0,0,0,0,0,0,0,0,0,0,1,0,0,0,0,1,0,0
199,274.5299987792969,273.54998779296875,277.1199951171875,275.5400085449219,277.9200134277344,283.6600036621094,283.3999938964844,286.010009765625,285.5799865722656,279.19000244140625,279.70001220703125,280.29998779296875,2020,12,11,Sexta,2,1,0,0,0,0,0,0,0,0,0,0,0,0,1,0,0,0,0,0,0,0,0,0,0,1,0,0,0,0,0,0,0,0,0,0,0,0,0,0,0,0,0,0,0,0,0,0,0,1,0,0,1,0,0
200,273.3699951171875,274.19000244140625,273.54998779296875,274.5299987792969,277.1199951171875,275.5400085449219,277.9200134277344,283.6600036621094,283.3999938964844,286.010009765625,285.5799865722656,279.19000244140625,2020,12,14,Segunda,2,1,0,0,0,0,0,0,0,0,0,0,0,0,1,0,0,0,0,0,0,0,0,0,0,0,0,0,1,0,0,0,0,0,0,0,0,0,0,0,0,0,0,0,0,0,0,0,1,0,0,0,1,0,0
201,274.8299865722656,275.54998779296875,274.19000244140625,273.3699951171875,273.54998779296875,274.5299987792969,277.1199951171875,275.5400085449219,277.9200134277344,283.6600036621094,283.3999938964844,286.010009765625,2020,12,15,Terca,3,1,0,0,0,0,0,0,0,0,0,0,0,0,1,0,0,0,0,0,0,0,0,0,0,0,0,0,0,1,0,0,0,0,0,0,0,0,0,0,0,0,0,0,0,0,0,0,0,0,1,0,0,1,0
202,274.760009765625,275.6700134277344,275.54998779296875,274.8299865722656,274.19000244140625,273.3699951171875,273.54998779296875,274.5299987792969,277.1199951171875,275.5400085449219,277.9200134277344,283.6600036621094,2020,12,16,Quarta,3,1,0,0,0,0,0,0,0,0,0,0,0,0,1,0,0,0,0,0,0,0,0,0,0,0,0,0,0,0,1,0,0,0,0,0,0,0,0,0,0,0,0,0,0,0,1,0,0,0,0,0,0,1,0
203,277.07000732421875,274.4800109863281,275.6700134277344,274.760009765625,275.54998779296875,274.8299865722656,274.19000244140625,273.3699951171875,273.54998779296875,274.5299987792969,277.1199951171875,275.5400085449219,2020,12,17,Quinta,3,1,0,0,0,0,0,0,0,0,0,0,0,0,1,0,0,0,0,0,0,0,0,0,0,0,0,0,0,0,0,1,0,0,0,0,0,0,0,0,0,0,0,0,0,0,0,1,0,0,0,0,0,1,0
204,275.7699890136719,276.3999938964844,274.4800109863281,277.07000732421875,275.6700134277344,274.760009765625,275.54998779296875,274.8299865722656,274.19000244140625,273.3699951171875,273.54998779296875,274.5299987792969,2020,12,18,Sexta,3,1,0,0,0,0,0,0,0,0,0,0,0,0,1,0,0,0,0,0,0,0,0,0,0,0,0,0,0,0,0,0,1,0,0,0,0,0,0,0,0,0,0,0,0,0,0,0,0,1,0,0,0,1,0
205,272.9800109863281,272.7900085449219,276.3999938964844,275.7699890136719,274.4800109863281,277.07000732421875,275.6700134277344,274.760009765625,275.54998779296875,274.8299865722656,274.19000244140625,273.3699951171875,2020,12,21,Segunda,4,1,0,0,0,0,0,0,0,0,0,0,0,0,1,0,0,0,0,0,0,0,0,0,0,0,0,0,0,0,0,0,0,0,0,1,0,0,0,0,0,0,0,0,0,0,0,0,1,0,0,0,0,0,1
206,271.5,267.0899963378906,272.7900085449219,272.9800109863281,276.3999938964844,275.7699890136719,274.4800109863281,277.07000732421875,275.6700134277344,274.760009765625,275.54998779296875,274.8299865722656,2020,12,22,Terca,4,1,0,0,0,0,0,0,0,0,0,0,0,0,1,0,0,0,0,0,0,0,0,0,0,0,0,0,0,0,0,0,0,0,0,0,1,0,0,0,0,0,0,0,0,0,0,0,0,0,1,0,0,0,1
207,266.8900146484375,268.1099853515625,267.0899963378906,271.5,272.7900085449219,272.9800109863281,276.3999938964844,275.7699890136719,274.4800109863281,277.07000732421875,275.6700134277344,274.760009765625,2020,12,23,Quarta,4,1,0,0,0,0,0,0,0,0,0,0,0,0,1,0,0,0,0,0,0,0,0,0,0,0,0,0,0,0,0,0,0,0,0,0,0,1,0,0,0,0,0,0,0,0,1,0,0,0,0,0,0,0,1
208,268.8800048828125,267.3999938964844,268.1099853515625,266.8900146484375,267.0899963378906,271.5,272.7900085449219,272.9800109863281,276.3999938964844,275.7699890136719,274.4800109863281,277.07000732421875,2020,12,24,Quinta,4,1,0,0,0,0,0,0,0,0,0,0,0,0,1,0,0,0,0,0,0,0,0,0,0,0,0,0,0,0,0,0,0,0,0,0,0,0,1,0,0,0,0,0,0,0,0,1,0,0,0,0,0,0,1
209,268.739990234375,277.0,267.3999938964844,268.8800048828125,268.1099853515625,266.8900146484375,267.0899963378906,271.5,272.7900085449219,272.9800109863281,276.3999938964844,275.7699890136719,2020,12,28,Segunda,4,1,0,0,0,0,0,0,0,0,0,0,0,0,1,0,0,0,0,0,0,0,0,0,0,0,0,0,0,0,0,0,0,0,0,0,0,0,0,0,0,0,1,0,0,0,0,0,1,0,0,0,0,0,1
210,276.95001220703125,276.7799987792969,277.0,268.739990234375,267.3999938964844,268.8800048828125,268.1099853515625,266.8900146484375,267.0899963378906,271.5,272.7900085449219,272.9800109863281,2020,12,29,Terca,4,1,0,0,0,0,0,0,0,0,0,0,0,0,1,0,0,0,0,0,0,0,0,0,0,0,0,0,0,0,0,0,0,0,0,0,0,0,0,0,0,0,0,1,0,0,0,0,0,0,1,0,0,0,1
211,277.95001220703125,271.8699951171875,276.7799987792969,276.95001220703125,277.0,268.739990234375,267.3999938964844,268.8800048828125,268.1099853515625,266.8900146484375,267.0899963378906,271.5,2020,12,30,Quarta,4,1,0,0,0,0,0,0,0,0,0,0,0,0,1,0,0,0,0,0,0,0,0,0,0,0,0,0,0,0,0,0,0,0,0,0,0,0,0,0,0,0,0,0,1,0,1,0,0,0,0,0,0,0,1
212,272.0,273.1600036621094,271.8699951171875,277.95001220703125,276.7799987792969,276.95001220703125,277.0,268.739990234375,267.3999938964844,268.8800048828125,268.1099853515625,266.8900146484375,2020,12,31,Quinta,4,1,0,0,0,0,0,0,0,0,0,0,0,0,1,0,0,0,0,0,0,0,0,0,0,0,0,0,0,0,0,0,0,0,0,0,0,0,0,0,0,0,0,0,0,1,0,1,0,0,0,0,0,0,1
213,274.7799987792969,268.94000244140625,273.1600036621094,272.0,271.8699951171875,277.95001220703125,276.7799987792969,276.95001220703125,277.0,268.739990234375,267.3999938964844,268.8800048828125,2021,01,04,Segunda,1,0,1,1,0,0,0,0,0,0,0,0,0,0,0,0,0,0,1,0,0,0,0,0,0,0,0,0,0,0,0,0,0,0,0,0,0,0,0,0,0,0,0,0,0,0,0,0,1,0,0,1,0,0,0
214,268.2900085449219,270.9700012207031,268.94000244140625,274.7799987792969,273.1600036621094,272.0,271.8699951171875,277.95001220703125,276.7799987792969,276.95001220703125,277.0,268.739990234375,2021,01,05,Terca,1,0,1,1,0,0,0,0,0,0,0,0,0,0,0,0,0,0,0,1,0,0,0,0,0,0,0,0,0,0,0,0,0,0,0,0,0,0,0,0,0,0,0,0,0,0,0,0,0,0,1,1,0,0,0
215,262.0,263.30999755859375,270.9700012207031,268.2900085449219,268.94000244140625,274.7799987792969,273.1600036621094,272.0,271.8699951171875,277.95001220703125,276.7799987792969,276.95001220703125,2021,01,06,Quarta,1,0,1,1,0,0,0,0,0,0,0,0,0,0,0,0,0,0,0,0,1,0,0,0,0,0,0,0,0,0,0,0,0,0,0,0,0,0,0,0,0,0,0,0,0,0,1,0,0,0,0,1,0,0,0
216,265.8999938964844,268.739990234375,263.30999755859375,262.0,270.9700012207031,268.2900085449219,268.94000244140625,274.7799987792969,273.1600036621094,272.0,271.8699951171875,277.95001220703125,2021,01,07,Quinta,1,0,1,1,0,0,0,0,0,0,0,0,0,0,0,0,0,0,0,0,0,1,0,0,0,0,0,0,0,0,0,0,0,0,0,0,0,0,0,0,0,0,0,0,0,0,0,1,0,0,0,1,0,0,0
217,268.30999755859375,267.57000732421875,268.739990234375,265.8999938964844,263.30999755859375,262.0,270.9700012207031,268.2900085449219,268.94000244140625,274.7799987792969,273.1600036621094,272.0,2021,01,08,Sexta,2,0,1,1,0,0,0,0,0,0,0,0,0,0,0,0,0,0,0,0,0,0,1,0,0,0,0,0,0,0,0,0,0,0,0,0,0,0,0,0,0,0,0,0,0,0,0,0,0,1,0,0,1,0,0
218,260.4800109863281,256.8399963378906,267.57000732421875,268.30999755859375,268.739990234375,265.8999938964844,263.30999755859375,262.0,270.9700012207031,268.2900085449219,268.94000244140625,274.7799987792969,2021,01,11,Segunda,2,0,1,1,0,0,0,0,0,0,0,0,0,0,0,0,0,0,0,0,0,0,0,0,0,1,0,0,0,0,0,0,0,0,0,0,0,0,0,0,0,0,0,0,0,0,0,0,1,0,0,0,1,0,0
219,256.6300048828125,251.08999633789062,256.8399963378906,260.4800109863281,267.57000732421875,268.30999755859375,268.739990234375,265.8999938964844,263.30999755859375,262.0,270.9700012207031,268.2900085449219,2021,01,12,Terca,2,0,1,1,0,0,0,0,0,0,0,0,0,0,0,0,0,0,0,0,0,0,0,0,0,0,1,0,0,0,0,0,0,0,0,0,0,0,0,0,0,0,0,0,0,0,0,0,0,0,1,0,1,0,0
220,251.5500030517578,251.63999938964844,251.08999633789062,256.6300048828125,256.8399963378906,260.4800109863281,267.57000732421875,268.30999755859375,268.739990234375,265.8999938964844,263.30999755859375,262.0,2021,01,13,Quarta,2,0,1,1,0,0,0,0,0,0,0,0,0,0,0,0,0,0,0,0,0,0,0,0,0,0,0,1,0,0,0,0,0,0,0,0,0,0,0,0,0,0,0,0,0,0,1,0,0,0,0,0,1,0,0
221,253.39999389648438,245.63999938964844,251.63999938964844,251.5500030517578,251.08999633789062,256.6300048828125,256.8399963378906,260.4800109863281,267.57000732421875,268.30999755859375,268.739990234375,265.8999938964844,2021,01,14,Quinta,2,0,1,1,0,0,0,0,0,0,0,0,0,0,0,0,0,0,0,0,0,0,0,0,0,0,0,0,1,0,0,0,0,0,0,0,0,0,0,0,0,0,0,0,0,0,0,1,0,0,0,0,1,0,0
222,247.89999389648438,251.36000061035156,245.63999938964844,253.39999389648438,251.63999938964844,251.5500030517578,251.08999633789062,256.6300048828125,256.8399963378906,260.4800109863281,267.57000732421875,268.30999755859375,2021,01,15,Sexta,3,0,1,1,0,0,0,0,0,0,0,0,0,0,0,0,0,0,0,0,0,0,0,0,0,0,0,0,0,1,0,0,0,0,0,0,0,0,0,0,0,0,0,0,0,0,0,0,0,1,0,0,0,1,0
223,256.8999938964844,261.1000061035156,251.36000061035156,247.89999389648438,245.63999938964844,253.39999389648438,251.63999938964844,251.5500030517578,251.08999633789062,256.6300048828125,256.8399963378906,260.4800109863281,2021,01,19,Terca,3,0,1,1,0,0,0,0,0,0,0,0,0,0,0,0,0,0,0,0,0,0,0,0,0,0,0,0,0,0,0,0,0,1,0,0,0,0,0,0,0,0,0,0,0,0,0,0,0,0,1,0,0,1,0
224,268.92999267578125,267.4800109863281,261.1000061035156,256.8999938964844,251.36000061035156,247.89999389648438,245.63999938964844,253.39999389648438,251.63999938964844,251.5500030517578,251.08999633789062,256.6300048828125,2021,01,20,Quarta,3,0,1,1,0,0,0,0,0,0,0,0,0,0,0,0,0,0,0,0,0,0,0,0,0,0,0,0,0,0,0,0,0,0,1,0,0,0,0,0,0,0,0,0,0,0,1,0,0,0,0,0,0,1,0
225,269.260009765625,272.8699951171875,267.4800109863281,268.92999267578125,261.1000061035156,256.8999938964844,251.36000061035156,247.89999389648438,245.63999938964844,253.39999389648438,251.63999938964844,251.5500030517578,2021,01,21,Quinta,4,0,1,1,0,0,0,0,0,0,0,0,0,0,0,0,0,0,0,0,0,0,0,0,0,0,0,0,0,0,0,0,0,0,0,1,0,0,0,0,0,0,0,0,0,0,0,1,0,0,0,0,0,0,1
226,272.010009765625,274.5,272.8699951171875,269.260009765625,267.4800109863281,268.92999267578125,261.1000061035156,256.8999938964844,251.36000061035156,247.89999389648438,245.63999938964844,253.39999389648438,2021,01,22,Sexta,4,0,1,1,0,0,0,0,0,0,0,0,0,0,0,0,0,0,0,0,0,0,0,0,0,0,0,0,0,0,0,0,0,0,0,0,1,0,0,0,0,0,0,0,0,0,0,0,0,1,0,0,0,0,1
227,278.1400146484375,278.010009765625,274.5,272.010009765625,272.8699951171875,269.260009765625,267.4800109863281,268.92999267578125,261.1000061035156,256.8999938964844,251.36000061035156,247.89999389648438,2021,01,25,Segunda,4,0,1,1,0,0,0,0,0,0,0,0,0,0,0,0,0,0,0,0,0,0,0,0,0,0,0,0,0,0,0,0,0,0,0,0,0,0,0,1,0,0,0,0,0,0,0,0,1,0,0,0,0,0,1
228,278.1400146484375,282.04998779296875,278.010009765625,278.1400146484375,274.5,272.010009765625,272.8699951171875,269.260009765625,267.4800109863281,268.92999267578125,261.1000061035156,256.8999938964844,2021,01,26,Terca,4,0,1,1,0,0,0,0,0,0,0,0,0,0,0,0,0,0,0,0,0,0,0,0,0,0,0,0,0,0,0,0,0,0,0,0,0,0,0,0,1,0,0,0,0,0,0,0,0,0,1,0,0,0,1
229,282.5299987792969,272.1400146484375,282.04998779296875,278.1400146484375,278.010009765625,278.1400146484375,274.5,272.010009765625,272.8699951171875,269.260009765625,267.4800109863281,268.92999267578125,2021,01,27,Quarta,4,0,1,1,0,0,0,0,0,0,0,0,0,0,0,0,0,0,0,0,0,0,0,0,0,0,0,0,0,0,0,0,0,0,0,0,0,0,0,0,0,1,0,0,0,0,1,0,0,0,0,0,0,0,1
230,277.17999267578125,265.0,272.1400146484375,282.5299987792969,282.04998779296875,278.1400146484375,278.010009765625,278.1400146484375,274.5,272.010009765625,272.8699951171875,269.260009765625,2021,01,28,Quinta,4,0,1,1,0,0,0,0,0,0,0,0,0,0,0,0,0,0,0,0,0,0,0,0,0,0,0,0,0,0,0,0,0,0,0,0,0,0,0,0,0,0,1,0,0,0,0,1,0,0,0,0,0,0,1
231,265.29998779296875,258.3299865722656,265.0,277.17999267578125,272.1400146484375,282.5299987792969,282.04998779296875,278.1400146484375,278.010009765625,278.1400146484375,274.5,272.010009765625,2021,01,29,Sexta,4,0,1,1,0,0,0,0,0,0,0,0,0,0,0,0,0,0,0,0,0,0,0,0,0,0,0,0,0,0,0,0,0,0,0,0,0,0,0,0,0,0,0,1,0,0,0,0,0,1,0,0,0,0,1
232,259.5199890136719,262.010009765625,258.3299865722656,265.29998779296875,265.0,277.17999267578125,272.1400146484375,282.5299987792969,282.04998779296875,278.1400146484375,278.010009765625,278.1400146484375,2021,02,01,Segunda,1,0,1,0,1,0,0,0,0,0,0,0,0,0,0,1,0,0,0,0,0,0,0,0,0,0,0,0,0,0,0,0,0,0,0,0,0,0,0,0,0,0,0,0,0,0,0,0,1,0,0,1,0,0,0
233,264.0,267.0799865722656,262.010009765625,259.5199890136719,258.3299865722656,265.29998779296875,265.0,277.17999267578125,272.1400146484375,282.5299987792969,282.04998779296875,278.1400146484375,2021,02,02,Terca,1,0,1,0,1,0,0,0,0,0,0,0,0,0,0,0,1,0,0,0,0,0,0,0,0,0,0,0,0,0,0,0,0,0,0,0,0,0,0,0,0,0,0,0,0,0,0,0,0,0,1,1,0,0,0
234,265.6199951171875,266.6499938964844,267.0799865722656,264.0,262.010009765625,259.5199890136719,258.3299865722656,265.29998779296875,265.0,277.17999267578125,272.1400146484375,282.5299987792969,2021,02,03,Quarta,1,0,1,0,1,0,0,0,0,0,0,0,0,0,0,0,0,1,0,0,0,0,0,0,0,0,0,0,0,0,0,0,0,0,0,0,0,0,0,0,0,0,0,0,0,0,1,0,0,0,0,1,0,0,0
235,267.010009765625,266.489990234375,266.6499938964844,265.6199951171875,267.0799865722656,264.0,262.010009765625,259.5199890136719,258.3299865722656,265.29998779296875,265.0,277.17999267578125,2021,02,04,Quinta,1,0,1,0,1,0,0,0,0,0,0,0,0,0,0,0,0,0,1,0,0,0,0,0,0,0,0,0,0,0,0,0,0,0,0,0,0,0,0,0,0,0,0,0,0,0,0,1,0,0,0,1,0,0,0
236,266.79998779296875,268.1000061035156,266.489990234375,267.010009765625,266.6499938964844,265.6199951171875,267.0799865722656,264.0,262.010009765625,259.5199890136719,258.3299865722656,265.29998779296875,2021,02,05,Sexta,1,0,1,0,1,0,0,0,0,0,0,0,0,0,0,0,0,0,0,1,0,0,0,0,0,0,0,0,0,0,0,0,0,0,0,0,0,0,0,0,0,0,0,0,0,0,0,0,0,1,0,1,0,0,0
237,268.75,266.5799865722656,268.1000061035156,266.79998779296875,266.489990234375,267.010009765625,266.6499938964844,265.6199951171875,267.0799865722656,264.0,262.010009765625,259.5199890136719,2021,02,08,Segunda,2,0,1,0,1,0,0,0,0,0,0,0,0,0,0,0,0,0,0,0,0,0,1,0,0,0,0,0,0,0,0,0,0,0,0,0,0,0,0,0,0,0,0,0,0,0,0,0,1,0,0,0,1,0,0
238,266.44000244140625,269.45001220703125,266.5799865722656,268.75,268.1000061035156,266.79998779296875,266.489990234375,267.010009765625,266.6499938964844,265.6199951171875,267.0799865722656,264.0,2021,02,09,Terca,2,0,1,0,1,0,0,0,0,0,0,0,0,0,0,0,0,0,0,0,0,0,0,1,0,0,0,0,0,0,0,0,0,0,0,0,0,0,0,0,0,0,0,0,0,0,0,0,0,0,1,0,1,0,0
239,272.45001220703125,271.8699951171875,269.45001220703125,266.44000244140625,266.5799865722656,268.75,268.1000061035156,266.79998779296875,266.489990234375,267.010009765625,266.6499938964844,265.6199951171875,2021,02,10,Quarta,2,0,1,0,1,0,0,0,0,0,0,0,0,0,0,0,0,0,0,0,0,0,0,0,1,0,0,0,0,0,0,0,0,0,0,0,0,0,0,0,0,0,0,0,0,0,1,0,0,0,0,0,1,0,0
240,271.8900146484375,270.3900146484375,271.8699951171875,272.45001220703125,269.45001220703125,266.44000244140625,266.5799865722656,268.75,268.1000061035156,266.79998779296875,266.489990234375,267.010009765625,2021,02,11,Quinta,2,0,1,0,1,0,0,0,0,0,0,0,0,0,0,0,0,0,0,0,0,0,0,0,0,1,0,0,0,0,0,0,0,0,0,0,0,0,0,0,0,0,0,0,0,0,0,1,0,0,0,0,1,0,0
241,270.5199890136719,270.5,270.3900146484375,271.8900146484375,271.8699951171875,272.45001220703125,269.45001220703125,266.44000244140625,266.5799865722656,268.75,268.1000061035156,266.79998779296875,2021,02,12,Sexta,2,0,1,0,1,0,0,0,0,0,0,0,0,0,0,0,0,0,0,0,0,0,0,0,0,0,1,0,0,0,0,0,0,0,0,0,0,0,0,0,0,0,0,0,0,0,0,0,0,1,0,0,1,0,0
242,270.79998779296875,273.9700012207031,270.5,270.5199890136719,270.3900146484375,271.8900146484375,271.8699951171875,272.45001220703125,269.45001220703125,266.44000244140625,266.5799865722656,268.75,2021,02,16,Terca,3,0,1,0,1,0,0,0,0,0,0,0,0,0,0,0,0,0,0,0,0,0,0,0,0,0,0,0,0,0,1,0,0,0,0,0,0,0,0,0,0,0,0,0,0,0,0,0,0,0,1,0,0,1,0
243,271.239990234375,273.57000732421875,273.9700012207031,270.79998779296875,270.5,270.5199890136719,270.3900146484375,271.8900146484375,271.8699951171875,272.45001220703125,269.45001220703125,266.44000244140625,2021,02,17,Quarta,3,0,1,0,1,0,0,0,0,0,0,0,0,0,0,0,0,0,0,0,0,0,0,0,0,0,0,0,0,0,0,1,0,0,0,0,0,0,0,0,0,0,0,0,0,0,1,0,0,0,0,0,0,1,0
244,269.57000732421875,269.3900146484375,273.57000732421875,271.239990234375,273.9700012207031,270.79998779296875,270.5,270.5199890136719,270.3900146484375,271.8900146484375,271.8699951171875,272.45001220703125,2021,02,18,Quinta,3,0,1,0,1,0,0,0,0,0,0,0,0,0,0,0,0,0,0,0,0,0,0,0,0,0,0,0,0,0,0,0,1,0,0,0,0,0,0,0,0,0,0,0,0,0,0,1,0,0,0,0,0,1,0
245,269.8599853515625,261.55999755859375,269.3900146484375,269.57000732421875,273.57000732421875,271.239990234375,273.9700012207031,270.79998779296875,270.5,270.5199890136719,270.3900146484375,271.8900146484375,2021,02,19,Sexta,3,0,1,0,1,0,0,0,0,0,0,0,0,0,0,0,0,0,0,0,0,0,0,0,0,0,0,0,0,0,0,0,0,1,0,0,0,0,0,0,0,0,0,0,0,0,0,0,0,1,0,0,0,1,0
246,257.95001220703125,260.3299865722656,261.55999755859375,269.8599853515625,269.3900146484375,269.57000732421875,273.57000732421875,271.239990234375,273.9700012207031,270.79998779296875,270.5,270.5199890136719,2021,02,22,Segunda,4,0,1,0,1,0,0,0,0,0,0,0,0,0,0,0,0,0,0,0,0,0,0,0,0,0,0,0,0,0,0,0,0,0,0,0,1,0,0,0,0,0,0,0,0,0,0,0,1,0,0,0,0,0,1
247,259.5,265.8599853515625,260.3299865722656,257.95001220703125,261.55999755859375,269.8599853515625,269.3900146484375,269.57000732421875,273.57000732421875,271.239990234375,273.9700012207031,270.79998779296875,2021,02,23,Terca,4,0,1,0,1,0,0,0,0,0,0,0,0,0,0,0,0,0,0,0,0,0,0,0,0,0,0,0,0,0,0,0,0,0,0,0,0,1,0,0,0,0,0,0,0,0,0,0,0,0,1,0,0,0,1
248,262.3299865722656,264.30999755859375,265.8599853515625,259.5,260.3299865722656,257.95001220703125,261.55999755859375,269.8599853515625,269.3900146484375,269.57000732421875,273.57000732421875,271.239990234375,2021,02,24,Quarta,4,0,1,0,1,0,0,0,0,0,0,0,0,0,0,0,0,0,0,0,0,0,0,0,0,0,0,0,0,0,0,0,0,0,0,0,0,0,1,0,0,0,0,0,0,0,1,0,0,0,0,0,0,0,1
249,262.29998779296875,254.69000244140625,264.30999755859375,262.3299865722656,265.8599853515625,259.5,260.3299865722656,257.95001220703125,261.55999755859375,269.8599853515625,269.3900146484375,269.57000732421875,2021,02,25,Quinta,4,0,1,0,1,0,0,0,0,0,0,0,0,0,0,0,0,0,0,0,0,0,0,0,0,0,0,0,0,0,0,0,0,0,0,0,0,0,0,1,0,0,0,0,0,0,0,1,0,0,0,0,0,0,1
250,256.4700012207031,257.6199951171875,254.69000244140625,262.29998779296875,264.30999755859375,262.3299865722656,265.8599853515625,259.5,260.3299865722656,257.95001220703125,261.55999755859375,269.8599853515625,2021,02,26,Sexta,4,0,1,0,1,0,0,0,0,0,0,0,0,0,0,0,0,0,0,0,0,0,0,0,0,0,0,0,0,0,0,0,0,0,0,0,0,0,0,0,1,0,0,0,0,0,0,0,0,1,0,0,0,0,1
251,260.82000732421875,264.9100036621094,257.6199951171875,256.4700012207031,254.69000244140625,262.29998779296875,264.30999755859375,262.3299865722656,265.8599853515625,259.5,260.3299865722656,257.95001220703125,2021,03,01,Segunda,1,0,1,0,0,1,0,0,0,0,0,0,0,0,0,1,0,0,0,0,0,0,0,0,0,0,0,0,0,0,0,0,0,0,0,0,0,0,0,0,0,0,0,0,0,0,0,0,1,0,0,1,0,0,0
